angabenId,datum,quelle,bildnummer
48249,1652/01/01,026 (1652),2
48250,1652/01/01,026 (1652),2
48251,1652/01/02,026 (1652),2
48252,1652/01/03,026 (1652),2
48253,1652/01/03,026 (1652),2
48254,1652/01/03,026 (1652),2
48255,1652/01/03,026 (1652),2
48256,1652/01/03,026 (1652),3
48257,1652/01/03,026 (1652),3
48258,1652/01/03,026 (1652),3
48421,1652/01/04,026 (1652),4
48422,1652/01/04,026 (1652),4
48423,1652/01/04,026 (1652),4
48424,1652/01/05,026 (1652),5
48430,1652/01/05,026 (1652),5
48434,1652/01/05,026 (1652),5
48435,1652/01/05,026 (1652),5
48436,1652/01/05,026 (1652),5
48437,1652/01/06,026 (1652),5
48438,1652/01/06,026 (1652),5
48439,1652/01/06,026 (1652),5
48440,1652/01/06,026 (1652),5
48460,1652/01/07,026 (1652),6
48791,1652/01/08,026 (1652),7
48792,1652/01/08,026 (1652),7
48793,1652/01/09,026 (1652),7
48794,1652/01/09,026 (1652),7
48795,1652/01/09,026 (1652),7
48796,1652/01/09,026 (1652),7
48797,1652/01/10,026 (1652),8
48798,1652/01/10,026 (1652),8
48799,1652/01/10,026 (1652),8
48800,1652/01/10,026 (1652),8
48801,1652/01/10,026 (1652),8
48802,1652/01/10,026 (1652),8
48803,1652/01/10,026 (1652),8
48804,1652/01/11,026 (1652),9
48805,1652/01/11,026 (1652),9
48806,1652/01/12,026 (1652),9
48807,1652/01/12,026 (1652),9
48808,1652/01/12,026 (1652),9
48809,1652/01/12,026 (1652),9
48810,1652/01/13,026 (1652),10
48811,1652/01/13,026 (1652),10
48812,1652/01/13,026 (1652),10
48813,1652/01/13,026 (1652),10
48814,1652/01/13,026 (1652),10
48815,1652/01/13,026 (1652),10
48816,1652/01/13,026 (1652),10
48817,1652/01/14,026 (1652),11
48818,1652/01/15,026 (1652),11
48819,1652/01/16,026 (1652),11
48820,1652/01/17,026 (1652),11
48821,1652/01/18,026 (1652),11-12
48822,1652/01/19,026 (1652),12
48823,1652/01/20,026 (1652),12
48824,1652/01/20,026 (1652),12
48825,1652/01/20,026 (1652),12
48826,1652/01/20,026 (1652),12
48827,1652/01/21,026 (1652),13
48828,1652/01/21,026 (1652),13
48829,1652/01/21,026 (1652),13
48830,1652/01/22,026 (1652),13-14
48831,1652/01/22,026 (1652),14
48832,1652/01/22,026 (1652),14
48833,1652/01/23,026 (1652),15
48834,1652/01/24,026 (1652),15
48835,1652/01/24,026 (1652),15
48836,1652/01/24,026 (1652),15
48837,1652/01/25,026 (1652),16
48838,1652/01/25,026 (1652),16
48839,1652/01/25,026 (1652),16
48840,1652/01/25,026 (1652),16
48841,1652/01/25,026 (1652),16
48842,1652/01/26,026 (1652),17
48843,1652/01/26,026 (1652),17
48844,1652/01/27,026 (1652),17
48845,1652/01/27,026 (1652),17
48846,1652/01/27,026 (1652),17
48847,1652/01/27,026 (1652),17
48848,1652/01/27,026 (1652),17
48849,1652/01/27,026 (1652),17
48850,1652/01/27,026 (1652),18
48851,1652/01/27,026 (1652),18
48852,1652/01/27,026 (1652),18
48853,1652/01/27,026 (1652),18
48854,1652/01/27,026 (1652),18
48855,1652/01/27,026 (1652),18
48856,1652/01/27,026 (1652),18
48857,1652/01/27,026 (1652),18
48858,1652/01/28,026 (1652),19
48859,1652/01/29,026 (1652),19
48860,1652/01/29,026 (1652),19
48861,1652/01/29,026 (1652),19
48862,1652/01/30,026 (1652),19
48863,1652/01/30,026 (1652),19
48864,1652/01/30,026 (1652),19
48865,1652/01/30,026 (1652),20-21
48866,1652/01/31,026 (1652),21
48867,1652/02/01,026 (1652),22
48868,1652/02/01,026 (1652),22
48869,1652/02/01,026 (1652),22-24
48870,1652/02/01,026 (1652),24
48871,1652/02/01,026 (1652),24
48872,1652/02/01,026 (1652),24
48873,1652/02/01,026 (1652),24
48874,1652/02/02,026 (1652),24-25
48875,1652/02/02,026 (1652),25
48876,1652/02/02,026 (1652),25
48877,1652/02/03,026 (1652),25
48878,1652/02/04,026 (1652),25
48879,1652/02/05,026 (1652),25
48880,1652/02/06,026 (1652),26
48881,1652/02/06,026 (1652),26
48882,1652/02/07,026 (1652),26
48883,1652/02/08,026 (1652),26
48884,1652/02/09,026 (1652),26
48885,1652/02/10,026 (1652),26
48886,1652/02/10,026 (1652),27
48887,1652/02/10,026 (1652),27
48888,1652/02/10,026 (1652),27
48889,1652/02/11,026 (1652),27
48890,1652/02/11,026 (1652),27
48891,1652/02/11,026 (1652),27-28
48892,1652/02/11,026 (1652),28
48893,1652/02/12,026 (1652),29
48894,1652/02/12,026 (1652),29-30
48895,1652/02/13,026 (1652),30
48896,1652/02/13,026 (1652),30
48897,1652/02/14,026 (1652),30
48898,1652/02/14,026 (1652),30
48899,1652/02/14,026 (1652),30
48900,1652/02/14,026 (1652),30-31
48901,1652/02/14,026 (1652),31
48902,1652/02/14,026 (1652),31
48903,1652/02/14,026 (1652),31
48904,1652/02/15,026 (1652),32
48905,1652/02/16,026 (1652),32
48906,1652/02/16,026 (1652),32
48907,1652/02/16,026 (1652),32
48908,1652/02/16,026 (1652),33
48909,1652/02/16,026 (1652),33
48910,1652/02/16,026 (1652),33
48911,1652/02/16,026 (1652),33
48912,1652/02/16,026 (1652),33
48913,1652/02/17,026 (1652),34
48914,1652/02/17,026 (1652),34
48915,1652/02/17,026 (1652),34
48916,1652/02/17,026 (1652),34
48917,1652/02/17,026 (1652),34
48918,1652/02/17,026 (1652),35
48919,1652/02/17,026 (1652),35
48920,1652/02/17,026 (1652),35
48921,1652/02/17,026 (1652),35
48922,1652/02/17,026 (1652),35
48923,1652/02/17,026 (1652),35
48924,1652/02/18,026 (1652),36-37
48925,1652/02/18,026 (1652),37
48926,1652/02/18,026 (1652),37-38
48927,1652/02/18,026 (1652),38
48928,1652/02/19,026 (1652),39
48929,1652/02/19,026 (1652),39
48930,1652/02/20,026 (1652),39
48931,1652/02/20,026 (1652),39
48932,1652/02/20,026 (1652),39
48933,1652/02/20,026 (1652),39
48934,1652/02/21,026 (1652),40
48935,1652/02/21,026 (1652),40
48936,1652/02/21,026 (1652),40
48937,1652/02/21,026 (1652),40
48938,1652/02/21,026 (1652),40
48939,1652/02/21,026 (1652),40
48940,1652/02/22,026 (1652),41
48941,1652/02/22,026 (1652),41
48942,1652/02/22,026 (1652),41
48943,1652/02/22,026 (1652),41-42
48944,1652/02/23,026 (1652),43
48945,1652/02/23,026 (1652),43
48946,1652/02/23,026 (1652),43
48947,1652/02/23,026 (1652),44
48948,1652/02/23,026 (1652),44
48949,1652/02/23,026 (1652),44
48950,1652/02/23,026 (1652),44
48951,1652/02/23,026 (1652),45
48952,1652/02/23,026 (1652),45
48953,1652/02/23,026 (1652),45
48954,1652/02/23,026 (1652),45
48955,1652/02/23,026 (1652),45
48956,1652/02/23,026 (1652),45
48957,1652/02/23,026 (1652),45
48958,1652/02/24,026 (1652),46
48959,1652/02/24,026 (1652),46
48960,1652/02/24,026 (1652),46
48961,1652/02/25,026 (1652),46
48962,1652/02/25,026 (1652),46
48963,1652/02/25,026 (1652),46
48964,1652/02/25,026 (1652),46
48965,1652/02/25,026 (1652),46-47
48966,1652/02/25,026 (1652),47
48967,1652/02/26,026 (1652),47
48968,1652/02/26,026 (1652),47
48969,1652/02/26,026 (1652),47
48970,1652/02/26,026 (1652),47
48971,1652/02/26,026 (1652),47
48972,1652/02/27,026 (1652),48
48973,1652/02/27,026 (1652),48
48974,1652/02/27,026 (1652),48
48975,1652/02/27,026 (1652),48
48976,1652/02/27,026 (1652),48
48977,1652/02/27,026 (1652),48
48978,1652/02/28,026 (1652),49
48979,1652/02/28,026 (1652),49
48980,1652/02/28,026 (1652),49
48981,1652/02/28,026 (1652),49
48982,1652/02/28,026 (1652),50
48983,1652/02/28,026 (1652),50
48984,1652/02/28,026 (1652),50
48985,1652/02/28,026 (1652),50
48986,1652/02/29,026 (1652),51
48987,1652/02/29,026 (1652),51
48988,1652/02/29,026 (1652),51
48989,1652/02/29,026 (1652),52
48990,1652/02/29,026 (1652),52
48991,1652/02/29,026 (1652),52
48992,1652/02/29,026 (1652),52
48993,1652/02/29,026 (1652),52
48994,1652/02/29,026 (1652),52
48995,1652/02/29,026 (1652),52
48996,1652/02/29,026 (1652),52
48997,1652/03/01,026 (1652),53
48998,1652/03/01,026 (1652),53
48999,1652/03/01,026 (1652),54
49000,1652/03/01,026 (1652),54
49001,1652/03/02,026 (1652),54
49002,1652/03/02,026 (1652),55
49003,1652/03/02,026 (1652),55
49004,1652/03/02,026 (1652),55
49005,1652/03/02,026 (1652),55
49006,1652/03/02,026 (1652),55
49023,1652/03/03,026 (1652),56
49024,1652/03/03,026 (1652),56
49025,1652/03/03,026 (1652),56
49026,1652/03/03,026 (1652),56
49027,1652/03/03,026 (1652),56
49028,1652/03/03,026 (1652),56
49029,1652/03/03,026 (1652),56-57
49030,1652/03/03,026 (1652),57
49031,1652/03/03,026 (1652),57
49032,1652/03/03,026 (1652),57
49033,1652/03/04,026 (1652),58
49034,1652/03/04,026 (1652),58
49035,1652/03/04,026 (1652),58
49036,1652/03/05,026 (1652),58
49037,1652/03/05,026 (1652),58
49038,1652/03/05,026 (1652),58
49039,1652/03/05,026 (1652),58
49040,1652/03/05,026 (1652),59
49041,1652/03/05,026 (1652),59
49042,1652/03/05,026 (1652),59
49043,1652/03/05,026 (1652),59
49044,1652/03/05,026 (1652),59
49045,1652/03/05,026 (1652),59
49046,1652/03/05,026 (1652),59
49047,1652/03/05,026 (1652),59
49048,1652/03/06,026 (1652),60
49049,1652/03/06,026 (1652),60
49050,1652/03/06,026 (1652),60
49051,1652/03/06,026 (1652),60
49052,1652/03/06,026 (1652),60
49053,1652/03/07,026 (1652),61
49054,1652/03/07,026 (1652),61
49055,1652/03/07,026 (1652),61
49056,1652/03/07,026 (1652),61
49057,1652/03/07,026 (1652),61
49058,1652/03/07,026 (1652),61
49059,1652/03/07,026 (1652),61-62
49060,1652/03/07,026 (1652),62
49064,1652/03/07,026 (1652),63
49067,1652/03/07,026 (1652),63
49068,1652/03/07,026 (1652),63
49070,1652/03/07,026 (1652),63
49076,1652/03/07,026 (1652),63
49078,1652/03/08,026 (1652),64
49079,1652/03/08,026 (1652),64
49080,1652/03/08,026 (1652),65
49081,1652/03/08,026 (1652),65
49082,1652/03/08,026 (1652),65
49083,1652/03/08,026 (1652),65
49084,1652/03/08,026 (1652),65
49085,1652/03/08,026 (1652),65
49086,1652/03/08,026 (1652),65
49087,1652/03/09,026 (1652),66
49088,1652/03/09,026 (1652),66
49089,1652/03/09,026 (1652),66
49090,1652/03/09,026 (1652),66
49091,1652/03/10,026 (1652),66
49092,1652/03/10,026 (1652),66
49093,1652/03/10,026 (1652),66
49094,1652/03/10,026 (1652),67
49095,1652/03/10,026 (1652),67
49096,1652/03/10,026 (1652),67
49097,1652/03/10,026 (1652),67
49098,1652/03/10,026 (1652),67
49099,1652/03/10,026 (1652),67
49100,1652/03/10,026 (1652),67
49101,1652/03/10,026 (1652),67
49102,1652/03/11,026 (1652),68
49103,1652/03/11,026 (1652),68
49104,1652/03/11,026 (1652),68
49105,1652/03/11,026 (1652),68
49106,1652/03/11,026 (1652),68
49107,1652/03/11,026 (1652),68
49108,1652/03/11,026 (1652),68
49109,1652/03/12,026 (1652),69
49110,1652/03/12,026 (1652),69
49111,1652/03/12,026 (1652),69
49112,1652/03/12,026 (1652),69
49113,1652/03/12,026 (1652),69
49114,1652/03/12,026 (1652),70
49115,1652/03/12,026 (1652),70
49116,1652/03/12,026 (1652),70
49117,1652/03/12,026 (1652),70
49118,1652/03/12,026 (1652),70
49119,1652/03/12,026 (1652),70
49120,1652/03/13,026 (1652),71
49121,1652/03/13,026 (1652),71
49122,1652/03/13,026 (1652),71
49123,1652/03/13,026 (1652),71
49124,1652/03/13,026 (1652),71
49125,1652/03/13,026 (1652),71-72
49126,1652/03/13,026 (1652),72
49127,1652/03/13,026 (1652),72
49128,1652/03/13,026 (1652),72
49129,1652/03/13,026 (1652),72
49130,1652/03/13,026 (1652),72
49131,1652/03/13,026 (1652),73-75
49132,1652/03/13,026 (1652),75
49133,1652/03/13,026 (1652),75
49134,1652/03/14,026 (1652),76
49135,1652/03/14,026 (1652),76
49136,1652/03/14,026 (1652),76
49137,1652/03/14,026 (1652),76
49138,1652/03/14,026 (1652),76
49139,1652/03/14,026 (1652),76-77
49140,1652/03/14,026 (1652),77
49141,1652/03/14,026 (1652),78
49142,1652/03/14,026 (1652),78
49143,1652/03/14,026 (1652),78
49144,1652/03/14,026 (1652),78
49145,1652/03/14,026 (1652),78
49146,1652/03/14,026 (1652),78
49147,1652/03/15,026 (1652),79-80
49148,1652/03/15,026 (1652),80
49149,1652/03/15,026 (1652),80
49150,1652/03/15,026 (1652),81
49151,1652/03/15,026 (1652),81
49152,1652/03/15,026 (1652),81
49153,1652/03/15,026 (1652),81
49154,1652/03/15,026 (1652),81
49155,1652/03/15,026 (1652),81
49156,1652/03/15,026 (1652),81
49157,1652/03/16,026 (1652),82
49158,1652/03/16,026 (1652),82
49159,1652/03/16,026 (1652),82
49160,1652/03/16,026 (1652),82
49161,1652/03/16,026 (1652),82
49162,1652/03/16,026 (1652),82
49163,1652/03/16,026 (1652),82
49164,1652/03/16,026 (1652),82
49165,1652/03/17,026 (1652),83
49166,1652/03/17,026 (1652),83-84
49167,1652/03/17,026 (1652),84
49168,1652/03/17,026 (1652),84
49169,1652/03/17,026 (1652),84
49170,1652/03/17,026 (1652),84
49171,1652/03/17,026 (1652),84
49172,1652/03/17,026 (1652),84
49173,1652/03/18,026 (1652),85
49174,1652/03/18,026 (1652),85
49175,1652/03/18,026 (1652),85
49176,1652/03/18,026 (1652),85
49177,1652/03/18,026 (1652),85
49178,1652/03/18,026 (1652),85
49179,1652/03/19,026 (1652),86
49180,1652/03/19,026 (1652),86
49181,1652/03/19,026 (1652),86
49182,1652/03/19,026 (1652),86
49183,1652/03/19,026 (1652),86
49184,1652/03/19,026 (1652),86
49185,1652/03/19,026 (1652),86
49186,1652/03/19,026 (1652),87
49187,1652/03/19,026 (1652),87
49188,1652/03/19,026 (1652),87
49189,1652/03/19,026 (1652),87
49190,1652/03/19,026 (1652),87
49191,1652/03/19,026 (1652),87
49192,1652/03/19,026 (1652),88-89
49193,1652/03/19,026 (1652),89
49194,1652/03/19,026 (1652),89
49195,1652/03/19,026 (1652),89
49196,1652/03/20,026 (1652),90
49197,1652/03/20,026 (1652),90
49198,1652/03/20,026 (1652),90
49199,1652/03/20,026 (1652),90
49200,1652/03/20,026 (1652),90
49201,1652/03/20,026 (1652),90
49202,1652/03/20,026 (1652),90
49203,1652/03/20,026 (1652),90
49204,1652/03/21,026 (1652),91
49205,1652/03/21,026 (1652),91
49206,1652/03/21,026 (1652),91
49207,1652/03/21,026 (1652),91
49208,1652/03/21,026 (1652),91
49209,1652/03/21,026 (1652),91
49210,1652/03/21,026 (1652),92
49211,1652/03/21,026 (1652),92
49212,1652/03/21,026 (1652),92
49213,1652/03/21,026 (1652),92
49214,1652/03/21,026 (1652),92
49215,1652/03/21,026 (1652),92
49216,1652/03/21,026 (1652),93
49217,1652/03/21,026 (1652),93
49218,1652/03/21,026 (1652),93
49219,1652/03/21,026 (1652),93
49220,1652/03/22,026 (1652),94
49221,1652/03/22,026 (1652),94
49222,1652/03/22,026 (1652),94
49223,1652/03/22,026 (1652),94
49224,1652/03/22,026 (1652),94
49225,1652/03/22,026 (1652),94
49226,1652/03/23,026 (1652),95
49227,1652/03/23,026 (1652),95
49228,1652/03/23,026 (1652),95
49229,1652/03/23,026 (1652),95
49230,1652/03/23,026 (1652),95
49231,1652/03/23,026 (1652),95
49232,1652/03/23,026 (1652),95
49233,1652/03/23,026 (1652),95
49234,1652/03/23,026 (1652),96
49235,1652/03/23,026 (1652),97
49236,1652/03/23,026 (1652),97
49237,1652/03/23,026 (1652),97
49238,1652/03/23,026 (1652),98
49239,1652/03/23,026 (1652),98
49240,1652/03/23,026 (1652),98
49241,1652/03/23,026 (1652),98
49242,1652/03/23,026 (1652),98
49243,1652/03/23,026 (1652),98-99
49244,1652/03/23,026 (1652),99
49245,1652/03/23,026 (1652),99
49246,1652/03/23,026 (1652),99
49247,1652/03/23,026 (1652),99
49248,1652/03/24,026 (1652),99
49249,1652/03/24,026 (1652),99
49250,1652/03/24,026 (1652),99-100
49251,1652/03/24,026 (1652),100
49252,1652/03/24,026 (1652),100
49253,1652/03/25,026 (1652),100-101
49254,1652/03/25,026 (1652),101
49255,1652/03/25,026 (1652),101
49256,1652/03/25,026 (1652),102
49257,1652/03/25,026 (1652),102
49258,1652/03/25,026 (1652),102
49259,1652/03/25,026 (1652),102
49260,1652/03/25,026 (1652),102
49261,1652/03/25,026 (1652),102
49262,1652/03/25,026 (1652),102
49263,1652/03/25,026 (1652),102
49264,1652/03/25,026 (1652),103
49265,1652/03/25,026 (1652),103
49266,1652/03/25,026 (1652),103
49267,1652/03/25,026 (1652),103
49268,1652/03/25,026 (1652),103
49269,1652/03/25,026 (1652),103
49270,1652/03/26,026 (1652),104
49271,1652/03/26,026 (1652),104
49272,1652/03/26,026 (1652),104
49273,1652/03/26,026 (1652),104
49274,1652/03/26,026 (1652),104
49275,1652/03/26,026 (1652),104
49276,1652/03/26,026 (1652),104
49277,1652/03/26,026 (1652),104-105
49278,1652/03/26,026 (1652),105
49279,1652/03/27,026 (1652),106
49280,1652/03/27,026 (1652),106
49281,1652/03/27,026 (1652),106
49282,1652/03/27,026 (1652),106
49283,1652/03/27,026 (1652),106
49284,1652/03/27,026 (1652),107-112
49285,1652/03/27,026 (1652),113
49286,1652/03/27,026 (1652),113
49287,1652/03/27,026 (1652),113
49288,1652/03/27,026 (1652),113
49289,1652/03/27,026 (1652),114
49290,1652/03/27,026 (1652),114
49291,1652/03/27,026 (1652),114
49292,1652/03/27,026 (1652),114
49293,1652/03/27,026 (1652),114
49294,1652/03/27,026 (1652),114
49295,1652/03/27,026 (1652),114
49296,1652/03/28,026 (1652),115
49297,1652/03/28,026 (1652),115
49298,1652/03/28,026 (1652),115
49299,1652/03/28,026 (1652),115-116
49300,1652/03/28,026 (1652),116
49301,1652/03/28,026 (1652),116
49302,1652/03/28,026 (1652),116
49303,1652/03/28,026 (1652),116
49304,1652/03/28,026 (1652),116
49305,1652/03/28,026 (1652),116
49306,1652/03/28,026 (1652),117-118
49307,1652/03/28,026 (1652),118-119
49308,1652/03/28,026 (1652),119-120
49309,1652/03/28,026 (1652),120-121
49310,1652/03/28,026 (1652),121
49311,1652/03/28,026 (1652),121
49312,1652/03/28,026 (1652),121
49313,1652/03/28,026 (1652),121
49314,1652/03/28,026 (1652),122
49315,1652/03/28,026 (1652),122
49316,1652/03/28,026 (1652),122
49317,1652/03/28,026 (1652),122
49318,1652/03/28,026 (1652),122
49319,1652/03/29,026 (1652),123
49320,1652/03/29,026 (1652),123
49321,1652/03/29,026 (1652),124
49322,1652/03/29,026 (1652),124
49323,1652/03/29,026 (1652),124
49324,1652/03/29,026 (1652),124
49325,1652/03/29,026 (1652),124
49326,1652/03/29,026 (1652),124
49327,1652/03/30,026 (1652),125-126
49328,1652/03/30,026 (1652),126-127
49329,1652/03/30,026 (1652),127
49330,1652/03/30,026 (1652),127
49331,1652/03/30,026 (1652),127
49332,1652/03/30,026 (1652),127
49333,1652/03/30,026 (1652),127
49334,1652/03/31,026 (1652),128
49335,1652/03/31,026 (1652),128
49336,1652/03/31,026 (1652),129-130
49337,1652/03/31,026 (1652),130-134
49338,1652/03/31,026 (1652),134-135
49339,1652/03/31,026 (1652),135
49340,1652/03/31,026 (1652),135
49341,1652/03/31,026 (1652),135
49342,1652/03/31,026 (1652),135
49343,1652/04/01,026 (1652),136-137
49344,1652/04/01,026 (1652),137
49345,1652/04/01,026 (1652),138
49346,1652/04/01,026 (1652),138
49347,1652/04/01,026 (1652),138-141
49348,1652/04/01,026 (1652),141
49349,1652/04/01,026 (1652),141
49350,1652/04/01,026 (1652),141
49351,1652/04/02,026 (1652),142
49352,1652/04/02,026 (1652),142
49353,1652/04/02,026 (1652),142
49354,1652/04/02,026 (1652),142
49355,1652/04/02,026 (1652),143
49356,1652/04/02,026 (1652),143
49357,1652/04/02,026 (1652),143
49358,1652/04/02,026 (1652),143
49359,1652/04/02,026 (1652),143
49360,1652/04/02,026 (1652),144
49361,1652/04/02,026 (1652),144
49362,1652/04/02,026 (1652),144
49363,1652/04/02,026 (1652),144-145
49364,1652/04/02,026 (1652),145-146
49365,1652/04/02,026 (1652),146
49366,1652/04/02,026 (1652),146
49758,1652/04/03,026 (1652),147-148
49759,1652/04/03,026 (1652),148
49760,1652/04/03,026 (1652),149-150
49761,1652/04/03,026 (1652),150-151
49762,1652/04/03,026 (1652),151
49763,1652/04/03,026 (1652),152
49764,1652/04/03,026 (1652),152-153
49765,1652/04/03,026 (1652),153
49766,1652/04/03,026 (1652),153
49767,1652/04/03,026 (1652),153
49768,1652/04/03,026 (1652),153
49769,1652/04/03,026 (1652),154
49770,1652/04/03,026 (1652),154
49771,1652/04/03,026 (1652),154
49772,1652/04/03,026 (1652),154
49773,1652/04/03,026 (1652),154
49774,1652/04/03,026 (1652),155-156
49775,1652/04/03,026 (1652),156
49776,1652/04/03,026 (1652),156-157
49777,1652/04/03,026 (1652),157
49778,1652/04/03,026 (1652),158
49779,1652/04/03,026 (1652),158
49780,1652/04/03,026 (1652),158
49781,1652/04/04,026 (1652),159
49782,1652/04/04,026 (1652),159
49783,1652/04/04,026 (1652),159
49784,1652/04/04,026 (1652),159
49785,1652/04/04,026 (1652),160
49786,1652/04/04,026 (1652),160
49787,1652/04/04,026 (1652),160
49788,1652/04/04,026 (1652),160
49789,1652/04/04,026 (1652),160
49790,1652/04/04,026 (1652),160
49791,1652/04/04,026 (1652),160
49792,1652/04/04,026 (1652),161
49793,1652/04/04,026 (1652),161
49794,1652/04/04,026 (1652),161
49795,1652/04/04,026 (1652),161
49796,1652/04/04,026 (1652),161
49797,1652/04/05,026 (1652),162
49798,1652/04/05,026 (1652),162
49799,1652/04/05,026 (1652),162
49800,1652/04/05,026 (1652),162
49844,1652/04/05,026 (1652),163
49845,1652/04/05,026 (1652),163
49846,1652/04/05,026 (1652),163
49847,1652/04/05,026 (1652),163
49848,1652/04/05,026 (1652),163
49849,1652/04/05,026 (1652),163
49850,1652/04/05,026 (1652),164
49851,1652/04/05,026 (1652),164
49852,1652/04/05,026 (1652),164
49853,1652/04/05,026 (1652),164
49854,1652/04/05,026 (1652),164
49855,1652/04/05,026 (1652),164
49856,1652/04/06,026 (1652),165
49857,1652/04/06,026 (1652),165
49858,1652/04/06,026 (1652),165
49859,1652/04/06,026 (1652),165
49860,1652/04/06,026 (1652),165
49861,1652/04/06,026 (1652),165
49862,1652/04/06,026 (1652),165
49863,1652/04/06,026 (1652),166
49864,1652/04/06,026 (1652),166
49865,1652/04/06,026 (1652),166
49866,1652/04/06,026 (1652),166
49867,1652/04/07,026 (1652),167
49868,1652/04/07,026 (1652),167
49869,1652/04/07,026 (1652),167
49870,1652/04/07,026 (1652),167
49871,1652/04/07,026 (1652),167
49872,1652/04/07,026 (1652),167
49873,1652/04/07,026 (1652),167
49874,1652/04/07,026 (1652),167
49875,1652/04/07,026 (1652),167
49876,1652/04/07,026 (1652),168
49877,1652/04/07,026 (1652),168
49878,1652/04/07,026 (1652),168
49904,1652/04/08,026 (1652),169
49905,1652/04/08,026 (1652),169
49906,1652/04/08,026 (1652),169
49907,1652/04/08,026 (1652),169
49908,1652/04/08,026 (1652),169
49909,1652/04/08,026 (1652),169
49910,1652/04/08,026 (1652),170
49911,1652/04/08,026 (1652),170
49912,1652/04/08,026 (1652),170
49913,1652/04/08,026 (1652),170
49914,1652/04/08,026 (1652),170
49915,1652/04/08,026 (1652),170
49916,1652/04/08,026 (1652),171-172
49917,1652/04/08,026 (1652),172
49918,1652/04/08,026 (1652),172-173
49919,1652/04/08,026 (1652),173
49920,1652/04/09,026 (1652),173
49921,1652/04/09,026 (1652),173
49922,1652/04/09,026 (1652),173
49923,1652/04/09,026 (1652),173
49925,1652/04/09,026 (1652),174
49926,1652/04/09,026 (1652),174-175
49927,1652/04/09,026 (1652),175
49928,1652/04/09,026 (1652),175-176
49930,1652/04/09,026 (1652),176
49931,1652/04/09,026 (1652),176
49932,1652/04/09,026 (1652),176
49933,1652/04/09,026 (1652),176
49934,1652/04/09,026 (1652),176
49935,1652/04/10,026 (1652),177
49936,1652/04/10,026 (1652),177
49937,1652/04/10,026 (1652),177
49938,1652/04/10,026 (1652),177-178
49939,1652/04/10,026 (1652),178
49940,1652/04/10,026 (1652),178
49941,1652/04/10,026 (1652),179-180
49942,1652/04/10,026 (1652),180
49943,1652/04/10,026 (1652),181
49944,1652/04/10,026 (1652),181
49945,1652/04/10,026 (1652),181
49946,1652/04/10,026 (1652),181
49947,1652/04/10,026 (1652),181
49948,1652/04/10,026 (1652),181
49949,1652/04/10,026 (1652),181
49950,1652/04/10,026 (1652),182
49951,1652/04/10,026 (1652),182
49952,1652/04/10,026 (1652),182
49953,1652/04/10,026 (1652),182
49954,1652/04/10,026 (1652),182
49955,1652/04/10,026 (1652),182
49956,1652/04/10,026 (1652),182
49957,1652/04/11,026 (1652),183-184
49958,1652/04/11,026 (1652),184
49959,1652/04/11,026 (1652),184
49960,1652/04/11,026 (1652),184
49961,1652/04/11,026 (1652),184
49962,1652/04/11,026 (1652),185
49963,1652/04/11,026 (1652),186-189
49964,1652/04/11,026 (1652),189
49966,1652/04/11,026 (1652),190
49967,1652/04/11,026 (1652),190
49968,1652/04/11,026 (1652),190-192
49969,1652/04/11,026 (1652),192
49970,1652/04/11,026 (1652),192
49971,1652/04/12,026 (1652),193
49972,1652/04/12,026 (1652),193
49973,1652/04/12,026 (1652),194
49974,1652/04/12,026 (1652),194-195
49975,1652/04/12,026 (1652),195
49976,1652/04/12,026 (1652),196
49977,1652/04/12,026 (1652),196
49978,1652/04/12,026 (1652),196
49979,1652/04/12,026 (1652),196-197
49980,1652/04/12,026 (1652),197
49981,1652/04/12,026 (1652),198
49982,1652/04/12,026 (1652),199
49983,1652/04/12,026 (1652),199
49984,1652/04/12,026 (1652),199
49985,1652/04/12,026 (1652),199
49986,1652/04/12,026 (1652),200
49987,1652/04/12,026 (1652),200
49988,1652/04/12,026 (1652),200
49989,1652/04/12,026 (1652),200
49990,1652/04/12,026 (1652),200
49991,1652/04/13,026 (1652),201
49992,1652/04/13,026 (1652),201
49993,1652/04/13,026 (1652),201
49994,1652/04/13,026 (1652),201
49995,1652/04/13,026 (1652),201
49996,1652/04/13,026 (1652),201
49997,1652/04/13,026 (1652),202-204
49998,1652/04/13,026 (1652),204
49999,1652/04/13,026 (1652),204
50000,1652/04/13,026 (1652),204
50001,1652/04/13,026 (1652),204
50002,1652/04/13,026 (1652),205
50003,1652/04/13,026 (1652),205
50004,1652/04/13,026 (1652),205
50005,1652/04/13,026 (1652),205
50006,1652/04/13,026 (1652),206
50007,1652/04/13,026 (1652),206
50008,1652/04/14,026 (1652),207
50009,1652/04/14,026 (1652),207
50010,1652/04/14,026 (1652),207
50011,1652/04/14,026 (1652),207
50012,1652/04/14,026 (1652),207
50013,1652/04/14,026 (1652),208
50014,1652/04/14,026 (1652),208-209
50015,1652/04/14,026 (1652),209
50016,1652/04/14,026 (1652),209
50017,1652/04/14,026 (1652),209
50018,1652/04/15,026 (1652),210
50019,1652/04/15,026 (1652),210
50020,1652/04/15,026 (1652),210
50021,1652/04/15,026 (1652),210
50022,1652/04/15,026 (1652),210
50023,1652/04/15,026 (1652),210
50024,1652/04/15,026 (1652),211
50025,1652/04/15,026 (1652),211-213
50026,1652/04/15,026 (1652),213
50027,1652/04/15,026 (1652),213
50028,1652/04/15,026 (1652),213
50029,1652/04/16,026 (1652),214
50030,1652/04/16,026 (1652),214
50031,1652/04/16,026 (1652),215
50032,1652/04/16,026 (1652),215
50033,1652/04/16,026 (1652),215
50034,1652/04/16,026 (1652),215
50035,1652/04/16,026 (1652),215
50036,1652/04/16,026 (1652),216
50037,1652/04/16,026 (1652),217
50038,1652/04/16,026 (1652),217-222
50039,1652/04/16,026 (1652),222
50040,1652/04/16,026 (1652),222-223
50041,1652/04/17,026 (1652),224
50042,1652/04/17,026 (1652),224
50043,1652/04/17,026 (1652),224
50044,1652/04/17,026 (1652),225
50045,1652/04/17,026 (1652),225-227
50046,1652/04/17,026 (1652),227-228
50047,1652/04/17,026 (1652),228
50048,1652/04/17,026 (1652),228
50049,1652/04/17,026 (1652),228
50050,1652/04/17,026 (1652),229
50051,1652/04/17,026 (1652),229
50052,1652/04/17,026 (1652),229-230
50053,1652/04/17,026 (1652),230
50054,1652/04/17,026 (1652),230
50055,1652/04/17,026 (1652),230
50056,1652/04/17,026 (1652),231
50057,1652/04/17,026 (1652),231
50058,1652/04/17,026 (1652),231
50059,1652/04/17,026 (1652),231
50060,1652/04/17,026 (1652),231
50061,1652/04/17,026 (1652),231
50136,1652/04/18,026 (1652),232
50137,1652/04/18,026 (1652),232
50138,1652/04/18,026 (1652),232
50139,1652/04/18,026 (1652),233-236
50140,1652/04/18,026 (1652),236
50141,1652/04/18,026 (1652),236
50142,1652/04/18,026 (1652),236
50143,1652/04/18,026 (1652),236
50144,1652/04/18,026 (1652),236-237
50145,1652/04/18,026 (1652),237
50146,1652/04/18,026 (1652),237
50147,1652/04/18,026 (1652),237
50148,1652/04/18,026 (1652),237
50149,1652/04/18,026 (1652),237
50150,1652/04/18,026 (1652),237
50151,1652/04/18,026 (1652),238
50152,1652/04/18,026 (1652),238
50153,1652/04/18,026 (1652),238
50154,1652/04/18,026 (1652),238
50155,1652/04/18,026 (1652),238
50156,1652/04/18,026 (1652),238
50157,1652/04/18,026 (1652),238
50158,1652/04/18,026 (1652),238
50159,1652/04/19,026 (1652),239-240
50160,1652/04/19,026 (1652),240-241
50161,1652/04/19,026 (1652),241
50162,1652/04/19,026 (1652),241
50163,1652/04/19,026 (1652),241
50164,1652/04/19,026 (1652),241
50165,1652/04/19,026 (1652),241
50166,1652/04/19,026 (1652),242
50167,1652/04/20,026 (1652),243
50168,1652/04/20,026 (1652),243
50169,1652/04/20,026 (1652),243
50170,1652/04/20,026 (1652),243
50171,1652/04/20,026 (1652),243
50172,1652/04/20,026 (1652),243
50173,1652/04/20,026 (1652),243
50232,1652/04/20,026 (1652),244
50233,1652/04/20,026 (1652),244
50234,1652/04/20,026 (1652),244
50235,1652/04/20,026 (1652),244
50236,1652/04/20,026 (1652),244
50237,1652/04/20,026 (1652),244
50238,1652/04/21,026 (1652),245
50239,1652/04/21,026 (1652),245
50240,1652/04/21,026 (1652),245
50241,1652/04/21,026 (1652),245
50242,1652/04/21,026 (1652),245
50243,1652/04/21,026 (1652),245
50244,1652/04/21,026 (1652),245
50245,1652/04/21,026 (1652),245
50246,1652/04/21,026 (1652),245
50247,1652/04/22,026 (1652),246
50248,1652/04/22,026 (1652),246
50249,1652/04/22,026 (1652),246
50250,1652/04/22,026 (1652),246
50251,1652/04/22,026 (1652),246
50252,1652/04/22,026 (1652),246
50253,1652/04/22,026 (1652),247
50254,1652/04/22,026 (1652),247
50255,1652/04/22,026 (1652),247
50256,1652/04/22,026 (1652),247
50257,1652/04/22,026 (1652),247
50258,1652/04/22,026 (1652),247
50259,1652/04/22,026 (1652),247
50269,1652/04/23,026 (1652),248
50270,1652/04/23,026 (1652),248
50271,1652/04/23,026 (1652),248
50272,1652/04/23,026 (1652),248
50273,1652/04/23,026 (1652),248
50274,1652/04/23,026 (1652),248
50276,1652/04/23,026 (1652),249
50277,1652/04/23,026 (1652),249
50278,1652/04/23,026 (1652),249
50279,1652/04/23,026 (1652),249-250
50280,1652/04/23,026 (1652),250
50281,1652/04/23,026 (1652),250
50282,1652/04/23,026 (1652),250
50283,1652/04/23,026 (1652),250
50284,1652/04/23,026 (1652),250
50285,1652/04/24,026 (1652),251
50286,1652/04/24,026 (1652),251
50287,1652/04/24,026 (1652),251
50288,1652/04/24,026 (1652),251
50289,1652/04/24,026 (1652),251
50290,1652/04/24,026 (1652),251
50291,1652/04/24,026 (1652),251
50400,1652/04/25,026 (1652),252
50401,1652/04/25,026 (1652),252
50402,1652/04/25,026 (1652),252
50403,1652/04/25,026 (1652),252
50404,1652/04/25,026 (1652),252
50453,1652/04/25,026 (1652),253
50454,1652/04/25,026 (1652),253
50455,1652/04/25,026 (1652),253
50456,1652/04/25,026 (1652),253
50457,1652/04/25,026 (1652),253
50458,1652/04/25,026 (1652),253
50459,1652/04/25,026 (1652),253
50488,1652/04/26,026 (1652),254
50489,1652/04/26,026 (1652),254
50490,1652/04/26,026 (1652),254
50491,1652/04/26,026 (1652),254
50492,1652/04/26,026 (1652),254
50493,1652/04/26,026 (1652),254-255
50494,1652/04/26,026 (1652),255
50495,1652/04/26,026 (1652),255
50496,1652/04/26,026 (1652),255
50497,1652/04/26,026 (1652),255
50498,1652/04/26,026 (1652),255-256
50499,1652/04/26,026 (1652),256
50500,1652/04/26,026 (1652),256
50501,1652/04/26,026 (1652),256
50502,1652/04/26,026 (1652),256
50503,1652/04/27,026 (1652),256
50504,1652/04/27,026 (1652),256-257
50505,1652/04/27,026 (1652),257
50506,1652/04/27,026 (1652),257
50507,1652/04/27,026 (1652),257
50508,1652/04/27,026 (1652),257
50509,1652/04/27,026 (1652),257
50510,1652/04/27,026 (1652),257
50511,1652/04/27,026 (1652),257
50512,1652/04/27,026 (1652),258
50513,1652/04/27,026 (1652),258
50514,1652/04/27,026 (1652),258
50515,1652/04/27,026 (1652),258
50516,1652/04/27,026 (1652),258
50517,1652/04/28,026 (1652),259
50518,1652/04/28,026 (1652),259-260
50519,1652/04/28,026 (1652),260
50520,1652/04/28,026 (1652),260
50521,1652/04/28,026 (1652),261
50522,1652/04/28,026 (1652),261
50523,1652/04/28,026 (1652),261
50524,1652/04/28,026 (1652),261
50525,1652/04/28,026 (1652),261
50526,1652/04/29,026 (1652),262
50527,1652/04/29,026 (1652),262
50528,1652/04/29,026 (1652),262
50529,1652/04/29,026 (1652),262
50530,1652/04/29,026 (1652),262
50531,1652/04/29,026 (1652),263
50532,1652/04/29,026 (1652),263
50533,1652/04/29,026 (1652),263
50534,1652/04/29,026 (1652),263
50535,1652/04/30,026 (1652),264
50536,1652/04/30,026 (1652),264
50537,1652/04/30,026 (1652),264
50538,1652/04/30,026 (1652),264
50539,1652/04/30,026 (1652),265
50540,1652/04/30,026 (1652),265
50541,1652/04/30,026 (1652),265
50542,1652/04/30,026 (1652),265
50543,1652/04/30,026 (1652),265
50544,1652/04/30,026 (1652),266
50545,1652/04/30,026 (1652),266
50546,1652/04/30,026 (1652),266
50547,1652/04/30,026 (1652),266
50548,1652/04/30,026 (1652),266
50624,1652/05/01,026 (1652),267
50625,1652/05/01,026 (1652),267
50626,1652/05/01,026 (1652),267-268
50627,1652/05/01,026 (1652),268
50628,1652/05/01,026 (1652),268
50629,1652/05/01,026 (1652),268
50630,1652/05/01,026 (1652),268
50631,1652/05/01,026 (1652),268
63840,1652/05/02,026 (1652),269
63841,1652/05/02,026 (1652),269
63842,1652/05/02,026 (1652),269
63843,1652/05/02,026 (1652),269
63844,1652/05/02,026 (1652),269
63845,1652/05/02,026 (1652),269
63846,1652/05/02,026 (1652),269
63847,1652/05/02,026 (1652),269
63887,1652/05/02,026 (1652),270
63888,1652/05/02,026 (1652),270
63889,1652/05/02,026 (1652),270
63890,1652/05/02,026 (1652),270
63891,1652/05/02,026 (1652),270-271
63896,1652/05/02,026 (1652),271
63897,1652/05/02,026 (1652),271
63898,1652/05/02,026 (1652),271
63901,1652/05/02,026 (1652),271
63902,1652/05/02,026 (1652),272
63903,1652/05/02,026 (1652),272
63904,1652/05/02,026 (1652),272
63905,1652/05/02,026 (1652),272
63906,1652/05/02,026 (1652),272
63907,1652/05/02,026 (1652),272
63908,1652/05/02,026 (1652),272
63921,1652/05/03,026 (1652),273
63922,1652/05/03,026 (1652),273
63924,1652/05/03,026 (1652),273
63925,1652/05/03,026 (1652),273
63927,1652/05/03,026 (1652),273
63928,1652/05/03,026 (1652),273
63929,1652/05/03,026 (1652),274
63932,1652/05/03,026 (1652),274
63933,1652/05/03,026 (1652),274
63977,1652/05/04,026 (1652),275
63978,1652/05/04,026 (1652),275
63979,1652/05/04,026 (1652),275
63980,1652/05/04,026 (1652),275
63981,1652/05/04,026 (1652),275
63982,1652/05/04,026 (1652),275
63983,1652/05/04,026 (1652),275
63984,1652/05/04,026 (1652),275-276
63985,1652/05/04,026 (1652),276
63986,1652/05/04,026 (1652),276
63987,1652/05/04,026 (1652),276-277
63988,1652/05/04,026 (1652),277
63989,1652/05/04,026 (1652),277
64032,1652/05/04,026 (1652),278
64036,1652/05/04,026 (1652),278
64037,1652/05/04,026 (1652),278
64038,1652/05/05,026 (1652),279
64039,1652/05/05,026 (1652),279
64040,1652/05/05,026 (1652),279
64041,1652/05/05,026 (1652),279
64042,1652/05/05,026 (1652),279
64043,1652/05/05,026 (1652),279
64044,1652/05/05,026 (1652),279
64046,1652/05/05,026 (1652),279
64051,1652/05/05,026 (1652),280
64052,1652/05/05,026 (1652),280
64054,1652/05/05,026 (1652),280-284
64070,1652/05/05,026 (1652),284
64071,1652/05/05,026 (1652),284
64072,1652/05/05,026 (1652),284
64073,1652/05/05,026 (1652),284
64074,1652/05/05,026 (1652),284
64075,1652/05/05,026 (1652),284
64128,1652/05/06,026 (1652),285
64129,1652/05/06,026 (1652),285
64130,1652/05/06,026 (1652),285
64131,1652/05/06,026 (1652),285
64132,1652/05/06,026 (1652),285
64133,1652/05/06,026 (1652),285
64134,1652/05/06,026 (1652),285
64135,1652/05/06,026 (1652),285
64136,1652/05/06,026 (1652),286
64137,1652/05/06,026 (1652),286
64138,1652/05/06,026 (1652),286
64139,1652/05/06,026 (1652),286
64140,1652/05/06,026 (1652),286
64141,1652/05/06,026 (1652),286
64142,1652/05/06,026 (1652),286
64143,1652/05/06,026 (1652),287
64144,1652/05/06,026 (1652),287
64145,1652/05/06,026 (1652),287
64146,1652/05/06,026 (1652),288
64147,1652/05/06,026 (1652),288
64148,1652/05/07,026 (1652),288
64149,1652/05/07,026 (1652),288
64150,1652/05/07,026 (1652),288
64151,1652/05/07,026 (1652),288
64152,1652/05/07,026 (1652),289
64153,1652/05/07,026 (1652),289
64154,1652/05/07,026 (1652),289
64155,1652/05/07,026 (1652),289
64156,1652/05/07,026 (1652),289
64157,1652/05/07,026 (1652),289
64158,1652/05/07,026 (1652),289
64159,1652/05/08,026 (1652),290
64160,1652/05/08,026 (1652),290
64161,1652/05/08,026 (1652),290
64162,1652/05/08,026 (1652),290
64163,1652/05/08,026 (1652),290
64164,1652/05/08,026 (1652),290
64190,1652/05/09,026 (1652),291
64193,1652/05/09,026 (1652),291
64194,1652/05/09,026 (1652),291-292
64197,1652/05/09,026 (1652),292
64198,1652/05/09,026 (1652),292
64199,1652/05/09,026 (1652),292
64200,1652/05/09,026 (1652),292
64201,1652/05/09,026 (1652),292
64202,1652/05/09,026 (1652),293
64203,1652/05/09,026 (1652),293
64204,1652/05/09,026 (1652),294
64205,1652/05/09,026 (1652),294
64206,1652/05/09,026 (1652),294
64207,1652/05/09,026 (1652),294
64208,1652/05/09,026 (1652),294
64209,1652/05/09,026 (1652),295-296
64214,1652/05/10,026 (1652),297
64215,1652/05/10,026 (1652),297
64216,1652/05/10,026 (1652),297-298
64217,1652/05/10,026 (1652),298
64218,1652/05/10,026 (1652),298
64219,1652/05/10,026 (1652),298
64220,1652/05/10,026 (1652),298
64221,1652/05/10,026 (1652),298
64222,1652/05/10,026 (1652),298
64223,1652/05/11,026 (1652),299
64224,1652/05/11,026 (1652),299
64225,1652/05/11,026 (1652),299-300
64254,1652/05/11,026 (1652),301
64255,1652/05/11,026 (1652),301
64256,1652/05/11,026 (1652),301
64257,1652/05/11,026 (1652),301
64258,1652/05/11,026 (1652),301
64259,1652/05/11,026 (1652),302
64260,1652/05/11,026 (1652),302
64261,1652/05/11,026 (1652),302
64262,1652/05/11,026 (1652),302
64263,1652/05/11,026 (1652),303
64264,1652/05/11,026 (1652),303
64275,1652/05/12,026 (1652),304
64276,1652/05/12,026 (1652),304
64277,1652/05/12,026 (1652),304
64278,1652/05/12,026 (1652),305
64279,1652/05/12,026 (1652),305
64280,1652/05/12,026 (1652),305
64282,1652/05/12,026 (1652),305
64284,1652/05/13,026 (1652),306
64285,1652/05/13,026 (1652),306
64286,1652/05/13,026 (1652),306
64290,1652/05/13,026 (1652),307
64291,1652/05/13,026 (1652),307
64293,1652/05/13,026 (1652),307
64294,1652/05/13,026 (1652),307
64295,1652/05/13,026 (1652),307
64311,1652/05/14,026 (1652),308
64312,1652/05/14,026 (1652),308
64329,1652/05/14,026 (1652),309
64330,1652/05/14,026 (1652),309
64331,1652/05/14,026 (1652),309
64334,1652/05/14,026 (1652),309
64336,1652/05/14,026 (1652),309-310
64338,1652/05/14,026 (1652),310
64340,1652/05/14,026 (1652),310
64342,1652/05/14,026 (1652),310
66860,1652/05/14,026 (1652),311
66861,1652/05/14,026 (1652),311
66862,1652/05/14,026 (1652),311
66863,1652/05/14,026 (1652),311
66864,1652/05/14,026 (1652),311
66865,1652/05/14,026 (1652),311
69815,1652/05/02,026 (1652),269
69818,1652/05/02,026 (1652),269
69820,1652/05/02,026 (1652),269
69821,1652/05/02,026 (1652),269
69824,1652/05/02,026 (1652),269
69827,1652/05/02,026 (1652),269
69830,1652/05/02,026 (1652),269
69832,1652/05/02,026 (1652),269
72456,1652/05/15,026 (1652),312
72458,1652/05/15,026 (1652),312
72462,1652/05/15,026 (1652),"312, 315"
72479,1652/05/15,026 (1652),313-314
72484,1652/05/15,026 (1652),314
72486,1652/05/15,026 (1652),315
72489,1652/05/15,026 (1652),315
72490,1652/05/15,026 (1652),316
72492,1652/05/15,026 (1652),316
72493,1652/05/15,026 (1652),316
72496,1652/05/15,026 (1652),316
72498,1652/05/15,026 (1652),316
72499,1652/05/15,026 (1652),316
72500,1652/05/15,026 (1652),316
80367,1652/05/16,026 (1652),317
80368,1652/05/16,026 (1652),317
80369,1652/05/16,026 (1652),317
80370,1652/05/16,026 (1652),317
80371,1652/05/16,026 (1652),317
80372,1652/05/16,026 (1652),317
80373,1652/05/16,026 (1652),317
80374,1652/05/16,026 (1652),318
80375,1652/05/16,026 (1652),318
80376,1652/05/16,026 (1652),318
80377,1652/05/16,026 (1652),318
80378,1652/05/16,026 (1652),318
80379,1652/05/16,026 (1652),318
80380,1652/05/16,026 (1652),318
80381,1652/05/17,026 (1652),319
80382,1652/05/17,026 (1652),319
80383,1652/05/17,026 (1652),319
80384,1652/05/17,026 (1652),319
80385,1652/05/17,026 (1652),320
80386,1652/05/17,026 (1652),320
80387,1652/05/17,026 (1652),320
80388,1652/05/17,026 (1652),320
80389,1652/05/17,026 (1652),320
80390,1652/05/17,026 (1652),320
80391,1652/05/17,026 (1652),320
80392,1652/05/17,026 (1652),320
80393,1652/05/17,026 (1652),320
80394,1652/05/18,026 (1652),321
80395,1652/05/18,026 (1652),321
80396,1652/05/18,026 (1652),321
80397,1652/05/18,026 (1652),321
80398,1652/05/18,026 (1652),321
80399,1652/05/18,026 (1652),321
80400,1652/05/18,026 (1652),321
80401,1652/05/18,026 (1652),322-325
80402,1652/05/19,026 (1652),325
80403,1652/05/19,026 (1652),325
80404,1652/05/19,026 (1652),325
80405,1652/05/20,026 (1652),325
80406,1652/05/20,026 (1652),325
80534,1652/05/21,026 (1652),326
80535,1652/05/21,026 (1652),326
80536,1652/05/22,026 (1652),326
80537,1652/05/22,026 (1652),326
80538,1652/05/22,026 (1652),326
80539,1652/05/22,026 (1652),326
80824,1652/05/22,026 (1652),327
80825,1652/05/22,026 (1652),327
80826,1652/05/22,026 (1652),327
80827,1652/05/22,026 (1652),327
80828,1652/05/22,026 (1652),327
80829,1652/05/22,026 (1652),327
80830,1652/05/22,026 (1652),327
80831,1652/05/23,026 (1652),328
80832,1652/05/23,026 (1652),328
80833,1652/05/23,026 (1652),328
80834,1652/05/23,026 (1652),328
80835,1652/05/24,026 (1652),329
80836,1652/05/24,026 (1652),329
80837,1652/05/24,026 (1652),329
80838,1652/05/24,026 (1652),329
80839,1652/05/24,026 (1652),329
80840,1652/05/24,026 (1652),329
80841,1652/05/24,026 (1652),329
80842,1652/05/24,026 (1652),330
80843,1652/05/24,026 (1652),330
80844,1652/05/24,026 (1652),330
80845,1652/05/24,026 (1652),330-331
80846,1652/05/24,026 (1652),331-332
80847,1652/05/24,026 (1652),332
80848,1652/05/24,026 (1652),332
80849,1652/05/25,026 (1652),333
80850,1652/05/25,026 (1652),333
80851,1652/05/25,026 (1652),333
80852,1652/05/25,026 (1652),333
80853,1652/05/25,026 (1652),333
80854,1652/05/25,026 (1652),333
80855,1652/05/25,026 (1652),333
80856,1652/05/25,026 (1652),333
80857,1652/05/25,026 (1652),334
80858,1652/05/25,026 (1652),334
80859,1652/05/25,026 (1652),334
80860,1652/05/25,026 (1652),334
80861,1652/05/25,026 (1652),334
80862,1652/05/25,026 (1652),334
80863,1652/05/25,026 (1652),334
80864,1652/05/25,026 (1652),335
80865,1652/05/25,026 (1652),335
80866,1652/05/26,026 (1652),336-337
80867,1652/05/26,026 (1652),337
80868,1652/05/26,026 (1652),338
80869,1652/05/26,026 (1652),338
80870,1652/05/26,026 (1652),338
80871,1652/05/26,026 (1652),338
80872,1652/05/26,026 (1652),338
80873,1652/05/26,026 (1652),338
80874,1652/05/27,026 (1652),339
80875,1652/05/27,026 (1652),339
80876,1652/05/27,026 (1652),339
80877,1652/05/27,026 (1652),339
80878,1652/05/27,026 (1652),339
80879,1652/05/27,026 (1652),339-340
80880,1652/05/27,026 (1652),340
80881,1652/05/27,026 (1652),340-341
80883,1652/05/27,026 (1652),341
80884,1652/05/27,026 (1652),341
80885,1652/05/27,026 (1652),341
80886,1652/05/27,026 (1652),341
80887,1652/05/28,026 (1652),342
80888,1652/05/28,026 (1652),342
80889,1652/05/28,026 (1652),342
80890,1652/05/28,026 (1652),342
80891,1652/05/28,026 (1652),342
80892,1652/05/28,026 (1652),342
80893,1652/05/28,026 (1652),342
80894,1652/05/28,026 (1652),343
80895,1652/05/28,026 (1652),343
80896,1652/05/28,026 (1652),343
80897,1652/05/28,026 (1652),343
80898,1652/05/28,026 (1652),343
80905,1652/05/29,026 (1652),344
80906,1652/05/29,026 (1652),344
80907,1652/05/29,026 (1652),344
80908,1652/05/29,026 (1652),344
80909,1652/05/29,026 (1652),344
80910,1652/05/29,026 (1652),344
80911,1652/05/29,026 (1652),344
80912,1652/05/29,026 (1652),344
80913,1652/05/29,026 (1652),345
80914,1652/05/29,026 (1652),345
80915,1652/05/29,026 (1652),345
80917,1652/05/29,026 (1652),345
80921,1652/05/30,026 (1652),346
80922,1652/05/30,026 (1652),346
80923,1652/05/30,026 (1652),346-347
80924,1652/05/30,026 (1652),347
80925,1652/05/30,026 (1652),347
80926,1652/05/30,026 (1652),347
80927,1652/05/30,026 (1652),347
80928,1652/05/30,026 (1652),347
80929,1652/05/31,026 (1652),348
80930,1652/05/31,026 (1652),348
80931,1652/05/31,026 (1652),348
80932,1652/05/31,026 (1652),348
80933,1652/05/31,026 (1652),348
80934,1652/05/31,026 (1652),348
80935,1652/05/31,026 (1652),348
80936,1652/05/31,026 (1652),349
80937,1652/05/31,026 (1652),349
80938,1652/05/31,026 (1652),349
80939,1652/05/31,026 (1652),349
80940,1652/05/31,026 (1652),349
80941,1652/05/31,026 (1652),349
80942,1652/05/31,026 (1652),349
80943,1652/06/01,026 (1652),350
80944,1652/06/01,026 (1652),350
80945,1652/06/01,026 (1652),350
80946,1652/06/01,026 (1652),350
80947,1652/06/01,026 (1652),350
80948,1652/06/01,026 (1652),350
80949,1652/06/01,026 (1652),350
80950,1652/06/01,026 (1652),351
80951,1652/06/01,026 (1652),351
80952,1652/06/01,026 (1652),351
80953,1652/06/01,026 (1652),351
80954,1652/06/01,026 (1652),351
80955,1652/06/01,026 (1652),351-352
80956,1652/06/01,026 (1652),352
80957,1652/06/02,026 (1652),352
80958,1652/06/02,026 (1652),352
80959,1652/06/02,026 (1652),352
80960,1652/06/02,026 (1652),353
80961,1652/06/02,026 (1652),353
80962,1652/06/02,026 (1652),354
80963,1652/06/02,026 (1652),354
80964,1652/06/02,026 (1652),354
80965,1652/06/02,026 (1652),354
80966,1652/06/02,026 (1652),354
80967,1652/06/02,026 (1652),354
81277,1652/06/03,026 (1652),355
81279,1652/06/03,026 (1652),355
81280,1652/06/03,026 (1652),355
81282,1652/06/03,026 (1652),355
81284,1652/06/03,026 (1652),355
81286,1652/06/03,026 (1652),355
81287,1652/06/03,026 (1652),355
81288,1652/06/03,026 (1652),355-356
81290,1652/06/03,026 (1652),356
81291,1652/06/03,026 (1652),356
81292,1652/06/03,026 (1652),356
81294,1652/06/03,026 (1652),356
81296,1652/06/03,026 (1652),356
81297,1652/06/03,026 (1652),356
81300,1652/06/04,026 (1652),357
81301,1652/06/04,026 (1652),357
81302,1652/06/04,026 (1652),357
81304,1652/06/04,026 (1652),357
81305,1652/06/04,026 (1652),357
81306,1652/06/04,026 (1652),357
81307,1652/06/04,026 (1652),358
81308,1652/06/04,026 (1652),358
81309,1652/06/04,026 (1652),358
81310,1652/06/04,026 (1652),358
81311,1652/06/04,026 (1652),358
81312,1652/06/04,026 (1652),359
81337,1652/06/05,026 (1652),360
81338,1652/06/05,026 (1652),360
81339,1652/06/05,026 (1652),360
81340,1652/06/05,026 (1652),360
81341,1652/06/05,026 (1652),360
81342,1652/06/05,026 (1652),360
81343,1652/06/05,026 (1652),360
81344,1652/06/05,026 (1652),361
81345,1652/06/05,026 (1652),361
81346,1652/06/05,026 (1652),361
81347,1652/06/05,026 (1652),361
81348,1652/06/05,026 (1652),361
81349,1652/06/06,026 (1652),362
81350,1652/06/06,026 (1652),362
81351,1652/06/06,026 (1652),362-363
81352,1652/06/06,026 (1652),363
81353,1652/06/06,026 (1652),363
81354,1652/06/06,026 (1652),363
81355,1652/06/06,026 (1652),363
81356,1652/06/06,026 (1652),363
81357,1652/06/06,026 (1652),363
81358,1652/06/06,026 (1652),364-365
81359,1652/06/06,026 (1652),365
81360,1652/06/07,026 (1652),365
81361,1652/06/07,026 (1652),365
81362,1652/06/07,026 (1652),365
81363,1652/06/07,026 (1652),365
81364,1652/06/07,026 (1652),365
81365,1652/06/07,026 (1652),365
81366,1652/06/07,026 (1652),366
81367,1652/06/07,026 (1652),366
81368,1652/06/07,026 (1652),366
81369,1652/06/07,026 (1652),366
81370,1652/06/07,026 (1652),366
81371,1652/06/07,026 (1652),366
81372,1652/06/07,026 (1652),366
81373,1652/06/07,026 (1652),366
81374,1652/06/07,026 (1652),366
81375,1652/06/07,026 (1652),367
81376,1652/06/07,026 (1652),367
81377,1652/06/07,026 (1652),367
81378,1652/06/07,026 (1652),367
81379,1652/06/08,026 (1652),367
81380,1652/06/08,026 (1652),367
81381,1652/06/08,026 (1652),367
81382,1652/06/08,026 (1652),368
81383,1652/06/08,026 (1652),368
81384,1652/06/08,026 (1652),368
81385,1652/06/08,026 (1652),368
81386,1652/06/08,026 (1652),368
81387,1652/06/08,026 (1652),368-369
81388,1652/06/08,026 (1652),369
81389,1652/06/08,026 (1652),369
81390,1652/06/08,026 (1652),369
81391,1652/06/08,026 (1652),369
81392,1652/06/08,026 (1652),369
81393,1652/06/08,026 (1652),369
81394,1652/06/08,026 (1652),369
82122,1652/06/09,026 (1652),370
82124,1652/06/09,026 (1652),370
82125,1652/06/09,026 (1652),370
82195,1652/06/09,026 (1652),371
82196,1652/06/09,026 (1652),371
82197,1652/06/10,026 (1652),371
82198,1652/06/10,026 (1652),371
82199,1652/06/10,026 (1652),371
82200,1652/06/10,026 (1652),371
82201,1652/06/10,026 (1652),371
82202,1652/06/10,026 (1652),371
82203,1652/06/10,026 (1652),372
82204,1652/06/10,026 (1652),372
82205,1652/06/10,026 (1652),372
82206,1652/06/10,026 (1652),372
82207,1652/06/10,026 (1652),372
82208,1652/06/10,026 (1652),372
82209,1652/06/10,026 (1652),372
82210,1652/06/10,026 (1652),373
82211,1652/06/10,026 (1652),373
82212,1652/06/10,026 (1652),373
82213,1652/06/10,026 (1652),373
82214,1652/06/10,026 (1652),373
82215,1652/06/10,026 (1652),373
82216,1652/06/10,026 (1652),373
82217,1652/06/11,026 (1652),374
82218,1652/06/11,026 (1652),374
82219,1652/06/11,026 (1652),374
82220,1652/06/11,026 (1652),374
82221,1652/06/11,026 (1652),374-375
82222,1652/06/11,026 (1652),375
82223,1652/06/11,026 (1652),375
82224,1652/06/11,026 (1652),375
82225,1652/06/11,026 (1652),375
82226,1652/06/11,026 (1652),375
82227,1652/06/11,026 (1652),376
82228,1652/06/11,026 (1652),376
82229,1652/06/11,026 (1652),376
82230,1652/06/11,026 (1652),376-377
82231,1652/06/11,026 (1652),377
82232,1652/06/11,026 (1652),377
82233,1652/06/11,026 (1652),377
82234,1652/06/11,026 (1652),377
83450,1652/06/12,026 (1652),378
83451,1652/06/12,026 (1652),378
83452,1652/06/12,026 (1652),378
83453,1652/06/12,026 (1652),378
84041,1652/06/13,026 (1652),379
84042,1652/06/13,026 (1652),379
84043,1652/06/13,026 (1652),379
84044,1652/06/13,026 (1652),379
84045,1652/06/13,026 (1652),379
84046,1652/06/13,026 (1652),379
84047,1652/06/13,026 (1652),379
84048,1652/06/13,026 (1652),380
84049,1652/06/13,026 (1652),380
84050,1652/06/13,026 (1652),380
84601,1652/06/13,026 (1652),381
84602,1652/06/13,026 (1652),381
84603,1652/06/13,026 (1652),381
84604,1652/06/13,026 (1652),381
84605,1652/06/13,026 (1652),381
84606,1652/06/13,026 (1652),381
84607,1652/06/13,026 (1652),381
84608,1652/06/14,026 (1652),382
84609,1652/06/14,026 (1652),382
84610,1652/06/14,026 (1652),382
84611,1652/06/14,026 (1652),382
84612,1652/06/14,026 (1652),382-383
84613,1652/06/14,026 (1652),383
84614,1652/06/14,026 (1652),384
84615,1652/06/14,026 (1652),384
84616,1652/06/14,026 (1652),384
84617,1652/06/14,026 (1652),384
84618,1652/06/14,026 (1652),384
84619,1652/06/14,026 (1652),384
84620,1652/06/15,026 (1652),385
84621,1652/06/15,026 (1652),385
84622,1652/06/15,026 (1652),385
84623,1652/06/15,026 (1652),385
84624,1652/06/15,026 (1652),385
84625,1652/06/15,026 (1652),385
