fahrzeug_anzahlTypId,leer
43,1
92,1
106,1
115,1
127,1
141,1
180,1
190,1
259,1
307,1
368,1
369,1
374,1
402,1
419,1
431,1
443,1
557,1
562,1
599,1
605,1
619,1
640,1
667,1
725,1
748,1
773,1
782,1
793,1
795,1
817,1
1038,1
1046,1
1074,1
1076,1
1101,1
1113,1
1149,1
1160,1
1172,1
1228,1
1280,1
1281,1
1282,1
1314,1
1325,1
1357,1
1360,1
1367,1
1395,1
1465,1
1514,1
1536,1
1571,1
1598,1
1623,1
1625,1
1699,1
1705,1
1744,1
1745,1
1836,1
1848,1
1871,1
1873,1
1891,1
1897,1
1898,1
1968,1
1973,1
1978,1
1980,1
2004,1
2019,1
2044,1
2045,1
2046,1
2056,1
2121,1
2128,1
2129,1
2134,1
2138,1
2158,1
2179,1
2235,1
2242,1
2255,1
2262,1
2264,1
2299,1
2349,1
2378,1
2387,1
2442,1
2463,1
2485,1
2513,1
2525,1
2546,1
2578,1
2581,1
2591,1
2594,1
2595,1
2608,1
2612,1
2614,1
2616,1
2622,1
2640,1
2711,1
2789,1
2823,1
2830,1
2836,1
2840,1
2872,1
2874,1
2888,1
2951,1
2972,1
2990,1
2992,1
2996,1
3022,1
3050,1
3057,1
3058,1
3071,1
3080,1
3112,1
3117,1
3123,1
3183,1
3184,1
3191,1
3252,1
3281,1
3282,1
3330,1
3348,1
3381,1
3464,1
3479,1
3501,1
3507,1
3515,1
3519,1
3530,1
3540,1
3566,1
3574,1
3577,1
3588,1
3614,1
3636,1
3637,1
3652,1
3675,1
3765,1
3775,1
3796,1
3798,1
3828,1
3834,1
3847,1
3872,1
3888,1
3893,1
3922,1
3944,1
3954,1
3966,1
4046,1
4059,1
4082,1
4111,1
4120,1
4207,1
4216,1
4289,1
4316,1
4317,1
4323,1
4370,1
4379,1
4400,1
4439,1
4459,1
4469,1
4508,1
4522,1
4579,1
4602,1
4613,1
4624,1
4660,1
4664,1
4683,1
4685,1
4717,1
4730,1
4732,1
4747,1
4801,1
4847,1
4852,1
4872,1
4882,1
4886,1
4888,1
4912,1
4926,1
4937,1
4968,1
5061,1
5071,1
5075,1
5076,1
5108,1
5122,1
5126,1
5135,1
5150,1
5167,1
5174,1
5211,1
5243,1
5254,1
5268,1
5333,1
5354,1
5361,1
5403,1
5404,1
5454,1
5534,1
5540,1
5545,1
5573,1
5592,1
5641,1
5682,1
5683,1
5701,1
5710,1
5736,1
5737,1
5738,1
5742,1
5743,1
5771,1
5775,1
5782,1
5791,1
5803,1
5806,1
5837,1
5876,1
5878,1
5881,1
5903,1
5916,1
5940,1
5952,1
5955,1
5956,1
5980,1
5983,1
5985,1
5989,1
5992,1
5997,1
6001,1
6016,1
6070,1
6178,1
6215,1
6219,1
6296,1
6319,1
6330,1
6373,1
6374,1
6379,1
6380,1
6389,1
6454,1
6467,1
6470,1
6511,1
6530,1
6537,1
6562,1
6582,1
6596,1
6623,1
6642,1
6658,1
6659,1
6668,1
6686,1
6691,1
6693,1
6696,1
6742,1
6744,1
6842,1
6871,1
6883,1
6901,1
6912,1
6949,1
6951,1
6957,1
6960,1
6961,1
6992,1
7010,1
7016,1
7021,1
7153,1
7171,1
7174,1
7207,1
7231,1
7252,1
7254,1
7272,1
7277,1
7305,1
7356,1
7361,1
7366,1
7419,1
7420,1
7421,1
7437,1
7443,1
7486,1
7545,1
7593,1
7618,1
7649,1
7678,1
7684,1
7710,1
7726,1
7733,1
7737,1
7751,1
7765,1
7809,1
7810,1
7811,1
7823,1
7924,1
7963,1
8021,1
8055,1
8085,1
8090,1
8112,1
8149,1
8168,1
8207,1
8271,1
8272,1
8274,1
8308,1
8321,1
8322,1
8335,1
8351,1
8383,1
8389,1
8393,1
8400,1
8462,1
8474,1
8480,1
8481,1
8497,1
8524,1
8570,1
8584,1
8607,1
8657,1
8664,1
8669,1
8697,1
8715,1
8730,1
8735,1
8778,1
8790,1
8803,1
8852,1
8948,1
8953,1
8954,1
8958,1
8976,1
9006,1
9035,1
9036,1
9067,1
9120,1
9129,1
9145,1
9146,1
9215,1
9220,1
9222,1
9230,1
9231,1
9232,1
9257,1
9262,1
9357,1
9375,1
9393,1
9404,1
9419,1
9423,1
9438,1
9486,1
9487,1
9491,1
9492,1
9536,1
9538,1
9539,1
9550,1
9566,1
9569,1
9577,1
9579,1
9580,1
9607,1
9687,1
9704,1
9765,1
9801,1
9828,1
9836,1
9863,1
9923,1
9944,1
9952,1
9953,1
9974,1
9979,1
9985,1
9987,1
9995,1
10006,1
10014,1
10024,1
10033,1
10051,1
10078,1
10159,1
10161,1
10162,1
10204,1
10217,1
10221,1
10231,1
10351,1
10365,1
10370,1
10371,1
10426,1
10450,1
10469,1
10573,1
10574,1
10677,1
10681,1
10734,1
10780,1
10782,1
10808,1
10812,1
10822,1
10861,1
10880,1
10885,1
10905,1
10906,1
10933,1
10940,1
10991,1
11091,1
11106,1
11143,1
11144,1
11145,1
11146,1
11151,1
11168,1
11169,1
11174,1
11181,1
11248,1
11254,1
11328,1
11451,1
11470,1
11500,1
11516,1
11519,1
11521,1
11525,1
11549,1
11550,1
11721,1
11755,1
11777,1
11789,1
11820,1
11821,1
11890,1
11948,1
11966,1
11967,1
12019,1
12031,1
12100,1
12142,1
12205,1
12239,1
12264,1
12265,1
12325,1
12387,1
12388,1
12456,1
12478,1
12479,1
12544,1
12545,1
12555,1
12602,1
12604,1
12608,1
12642,1
12682,1
12754,1
12797,1
12819,1
12823,1
12836,1
12885,1
12895,1
12955,1
12978,1
13035,1
13085,1
13095,1
13106,1
13120,1
13186,1
13200,1
13204,1
13209,1
13265,1
13266,1
13274,1
13346,1
13379,1
13398,1
13399,1
13411,1
13422,1
13423,1
13427,1
13517,1
13520,1
13521,1
13555,1
13586,1
13603,1
13624,1
13636,1
13637,1
13652,1
13669,1
13690,1
13707,1
13808,1
13869,1
13903,1
13933,1
13979,1
14009,1
14046,1
14070,1
14087,1
14088,1
14134,1
14141,1
14144,1
14153,1
14182,1
14190,1
14193,1
14247,1
14253,1
14288,1
14417,1
14440,1
14463,1
14480,1
14483,1
14496,1
14499,1
14534,1
14547,1
14575,1
14584,1
14597,1
14601,1
14605,1
14629,1
14679,1
14688,1
14708,1
35977,1
14802,1
14811,1
14886,1
14889,1
14898,1
14910,1
14981,1
14994,1
14995,1
15007,1
15031,1
15041,1
15052,1
15128,1
15202,1
15205,1
15224,1
15410,1
15447,1
15513,1
15562,1
15563,1
15630,1
15672,1
15716,1
15906,1
15944,1
15971,1
16015,1
16113,1
16181,1
16199,1
16327,1
16393,1
16448,1
16482,1
16483,1
16506,1
16516,1
16520,1
16521,1
16548,1
16628,1
16630,1
16643,1
16665,1
16669,1
16719,1
16771,1
16803,1
16840,1
16872,1
16893,1
16938,1
17017,1
17070,1
17190,1
17206,1
17208,1
17214,1
17217,1
17218,1
17223,1
17225,1
17230,1
17234,1
17278,1
17334,1
17414,1
17456,1
17469,1
17481,1
17501,1
17549,1
17557,1
17563,1
17578,1
17605,1
17753,1
17755,1
17830,1
17869,1
17882,1
17909,1
17955,1
18011,1
18080,1
18107,1
18225,1
18279,1
18312,1
18325,1
18389,1
18414,1
18421,1
18425,1
18473,1
18495,1
18498,1
18507,1
18516,1
18544,1
18545,1
18605,1
18634,1
18721,1
18727,1
18731,1
18746,1
18747,1
18751,1
18765,1
18787,1
18829,1
18860,1
18887,1
18901,1
18910,1
18911,1
18932,1
19013,1
19032,1
19055,1
19056,1
19066,1
19085,1
19113,1
19176,1
19195,1
19203,1
19204,1
19228,1
19247,1
19254,1
19260,1
19313,1
19370,1
19380,1
19381,1
19383,1
19406,1
19408,1
19422,1
19427,1
19440,1
19451,1
19454,1
19495,1
19502,1
19505,1
19517,1
19520,1
19522,1
19542,1
19573,1
19766,1
19819,1
19828,1
19844,1
19847,1
19851,1
19865,1
19947,1
19948,1
19951,1
20010,1
20027,1
20036,1
20156,1
20181,1
20183,1
20200,1
20201,1
20214,1
20262,1
20280,1
20287,1
20291,1
20297,1
20338,1
20398,1
20412,1
20465,1
20469,1
20478,1
20479,1
20484,1
20498,1
20568,1
20714,1
20730,1
20764,1
20771,1
20780,1
20795,1
20821,1
20859,1
20902,1
20907,1
20925,1
20936,1
20937,1
20938,1
21000,1
21031,1
21111,1
21116,1
21121,1
21129,1
21156,1
21195,1
21212,1
21245,1
21256,1
21261,1
21270,1
21295,1
21296,1
21330,1
21341,1
21390,1
21408,1
21422,1
21428,1
21434,1
21435,1
21439,1
21451,1
21477,1
21495,1
21498,1
21540,1
21559,1
21624,1
21789,1
21831,1
21834,1
21930,1
22017,1
22023,1
22030,1
22039,1
22040,1
22059,1
22091,1
22113,1
22120,1
22121,1
22126,1
22170,1
22235,1
22345,1
22352,1
22381,1
22403,1
22404,1
22409,1
22430,1
22458,1
22463,1
22485,1
22487,1
22631,1
22643,1
22665,1
22693,1
22718,1
22768,1
22806,1
22810,1
22834,1
22850,1
22860,1
22930,1
22962,1
22980,1
23057,1
23071,1
23113,1
23192,1
23224,1
23233,1
23275,1
23297,1
23313,1
23332,1
23400,1
23423,1
23425,1
23487,1
23492,1
23513,1
23541,1
23550,1
23583,1
23606,1
23638,1
23660,1
23666,1
23689,1
23690,1
23695,1
23697,1
23741,1
23747,1
23753,1
23768,1
23830,1
23838,1
23841,1
23844,1
23895,1
23944,1
23960,1
23974,1
23983,1
24001,1
24041,1
24068,1
24082,1
24101,1
24115,1
24119,1
24131,1
24164,1
24201,1
24202,1
24205,1
24240,1
24245,1
24261,1
24274,1
24305,1
24314,1
24321,1
24345,1
24350,1
24353,1
24354,1
24364,1
24386,1
24401,1
24418,1
24442,1
24527,1
24532,1
24557,1
24592,1
24636,1
24651,1
24682,1
24687,1
24688,1
24706,1
24721,1
24741,1
24743,1
24757,1
24769,1
24777,1
24785,1
24803,1
24824,1
24837,1
24863,1
24887,1
24901,1
24906,1
24922,1
24923,1
24942,1
25015,1
25050,1
25075,1
25246,1
25251,1
25288,1
25341,1
25363,1
25372,1
25375,1
25384,1
25391,1
25435,1
25465,1
25514,1
25515,1
25527,1
25558,1
25608,1
35955,1
25710,1
25774,1
25795,1
25796,1
25800,1
25827,1
25830,1
25852,1
25865,1
25908,1
25917,1
25925,1
25930,1
25977,1
25998,1
26030,1
26118,1
26159,1
26187,1
26228,1
26283,1
26284,1
26288,1
26292,1
26325,1
26347,1
26362,1
26452,1
26471,1
26482,1
26495,1
26498,1
26515,1
26613,1
26617,1
26635,1
26636,1
26649,1
26694,1
26713,1
26758,1
26809,1
26816,1
26827,1
26877,1
26899,1
26922,1
26924,1
26929,1
26973,1
26974,1
26984,1
26988,1
26995,1
27009,1
27022,1
27041,1
27042,1
27066,1
27097,1
27121,1
27160,1
27161,1
27163,1
27186,1
27220,1
27223,1
27296,1
27341,1
27375,1
27384,1
27398,1
27407,1
27412,1
27453,1
27457,1
27490,1
27497,1
27506,1
27543,1
27548,1
27549,1
27565,1
27581,1
27625,1
27629,1
27642,1
27706,1
27707,1
27725,1
27780,1
27796,1
27799,1
27800,1
27807,1
27835,1
27845,1
27846,1
27851,1
27891,1
27908,1
27911,1
27923,1
35923,1
27951,1
27983,1
27998,1
28022,1
28061,1
28088,1
28124,1
28145,1
28152,1
28174,1
28175,1
28176,1
28197,1
28198,1
28207,1
28220,1
28221,1
28225,1
28233,1
28235,1
28246,1
28247,1
28276,1
28301,1
35909,1
28346,1
28363,1
28378,1
28383,1
35887,1
28412,1
28431,1
35857,1
35844,1
28483,1
28485,1
28531,1
28532,1
28599,1
28600,1
28629,1
28637,1
28640,1
28644,1
28645,1
28653,1
28655,1
28656,1
28700,1
28712,1
28727,1
28730,1
28732,1
28736,1
28755,1
28760,1
28766,1
28782,1
28792,1
28795,1
28849,1
28856,1
28860,1
28869,1
28882,1
28960,1
28983,1
28998,1
29007,1
29036,1
29041,1
29048,1
29055,1
29079,1
29095,1
29098,1
29105,1
29110,1
29117,1
29128,1
29168,1
29208,1
29230,1
29250,1
29271,1
29329,1
29332,1
29372,1
29378,1
29392,1
29398,1
29416,1
29448,1
29454,1
29477,1
29545,1
29605,1
29620,1
29629,1
29662,1
29683,1
29692,1
29703,1
29710,1
29715,1
29751,1
29762,1
29821,1
29837,1
29839,1
29840,1
29854,1
29868,1
29880,1
29888,1
29901,1
29932,1
29935,1
29958,1
29984,1
29987,1
30001,1
30010,1
30071,1
30085,1
30088,1
30089,1
30165,1
30192,1
30265,1
30266,1
30278,1
30279,1
30280,1
30281,1
30288,1
30325,1
30370,1
30373,1
30398,1
30408,1
30443,1
30453,1
30493,1
30497,1
30511,1
30543,1
30552,1
30594,1
30599,1
30603,1
30624,1
30643,1
30664,1
30684,1
30705,1
30706,1
30711,1
30712,1
30713,1
30719,1
30730,1
30746,1
30748,1
30754,1
30763,1
30765,1
30767,1
30774,1
30800,1
30804,1
30821,1
30834,1
30848,1
30860,1
30864,1
30866,1
30867,1
30881,1
30885,1
30905,1
30912,1
30914,1
30938,1
30945,1
30963,1
30986,1
31024,1
31027,1
31044,1
31054,1
31064,1
31103,1
31108,1
31114,1
31115,1
31136,1
31181,1
31185,1
31210,1
31272,1
31355,1
31405,1
31406,1
31407,1
31409,1
31427,1
31439,1
31444,1
31450,1
31457,1
31470,1
31477,1
31480,1
31481,1
31493,1
31495,1
31499,1
31521,1
31522,1
31574,1
31599,1
31605,1
31620,1
31649,1
31681,1
31693,1
31712,1
31730,1
31758,1
31797,1
31798,1
31804,1
31826,1
31840,1
31896,1
31901,1
31947,1
31959,1
32000,1
32007,1
32009,1
32072,1
32137,1
32162,1
32163,1
32173,1
32207,1
32233,1
32238,1
32239,1
32259,1
32279,1
32293,1
32303,1
32312,1
32333,1
32348,1
32366,1
32381,1
32382,1
32419,1
32444,1
32494,1
32496,1
32525,1
32543,1
32568,1
32611,1
32616,1
32637,1
32656,1
32684,1
32763,1
32766,1
32779,1
32822,1
32823,1
32825,1
32827,1
32838,1
32845,1
32852,1
32868,1
32891,1
32932,1
32937,1
32939,1
32948,1
32951,1
32959,1
33008,1
33024,1
33042,1
33066,1
33071,1
33091,1
33100,1
33177,1
33178,1
33183,1
33201,1
33250,1
33251,1
33258,1
33265,1
33271,1
33277,1
33290,1
33315,1
33420,1
33423,1
33425,1
33430,1
33431,1
33441,1
33459,1
33476,1
33483,1
33484,1
33525,1
33543,1
33590,1
33592,1
33594,1
33601,1
33617,1
33655,1
33669,1
33695,1
33699,1
33719,1
33753,1
33766,1
33824,1
33828,1
33834,1
33840,1
33863,1
33875,1
33896,1
33899,1
33916,1
33931,1
33954,1
33958,1
34007,1
34011,1
34035,1
34036,1
34038,1
34042,1
34043,1
34055,1
34065,1
34072,1
34086,1
34115,1
34121,1
34133,1
34142,1
34170,1
34192,1
34199,1
34200,1
34207,1
34213,1
34246,1
34263,1
34299,1
34304,1
34310,1
34314,1
34318,1
34319,1
34320,1
34355,1
34384,1
34416,1
34448,1
34468,1
34504,1
34508,1
34509,1
34524,1
34537,1
34543,1
34569,1
34578,1
34602,1
34606,1
34608,1
34630,1
34662,1
34663,1
34672,1
34681,1
34703,1
34709,1
34712,1
34721,1
34722,1
34725,1
34741,1
34742,1
34757,1
34759,1
34760,1
34773,1
34783,1
34794,1
34805,1
34836,1
34837,1
34906,1
34916,1
34924,1
34932,1
34942,1
34953,1
34983,1
35003,1
35011,1
35014,1
35077,1
35082,1
35092,1
35150,1
35155,1
35158,1
35168,1
35205,1
35226,1
35227,1
35228,1
35229,1
35287,1
35297,1
35301,1
35315,1
35345,1
35381,1
35392,1
35400,1
35402,1
35426,1
35453,1
35471,1
35472,1
35474,1
35476,1
35484,1
35489,1
35504,1
35511,1
35523,1
35529,1
35657,1
35672,1
35693,1
35696,1
35748,1
35833,1
35994,1
36009,1
36031,1
36033,1
36058,1
36065,1
36070,1
36075,1
36076,1
36099,1
67469,1
36158,1
36159,1
36160,1
36293,1
36297,1
36324,1
36329,1
36366,1
36370,1
36386,1
36417,1
36464,1
36468,1
36473,1
36502,1
36564,1
36578,1
36579,1
36653,1
36657,1
36684,1
36702,1
36727,1
36734,1
36752,1
36790,1
36799,1
36861,1
36863,1
36864,1
36876,1
36880,1
36907,1
36916,1
36941,1
36972,1
36975,1
36984,1
36992,1
36996,1
37017,1
37032,1
37035,1
37061,1
37101,1
37109,1
37197,1
37225,1
37263,1
37266,1
37277,1
37278,1
37280,1
37298,1
37321,1
37354,1
37415,1
37424,1
37439,1
37468,1
37473,1
37492,1
37540,1
37547,1
37595,1
37598,1
37610,1
37629,1
37637,1
37686,1
37715,1
37728,1
37746,1
37760,1
37765,1
37787,1
37804,1
37813,1
37820,1
37832,1
37852,1
37887,1
37929,1
37981,1
38040,1
38120,1
38131,1
38142,1
38168,1
38183,1
38229,1
38233,1
38241,1
38242,1
38326,1
38360,1
38370,1
38380,1
38425,1
38440,1
38461,1
38469,1
38471,1
38476,1
38497,1
38504,1
38516,1
38517,1
38572,1
38579,1
38609,1
38610,1
38639,1
38653,1
38654,1
38663,1
38670,1
38688,1
38695,1
38714,1
38725,1
38762,1
38772,1
38794,1
38824,1
38827,1
38830,1
38845,1
38852,1
38993,1
38994,1
39001,1
39003,1
39006,1
39011,1
39021,1
39026,1
39046,1
39058,1
39064,1
39065,1
39082,1
39085,1
39088,1
39092,1
39096,1
39119,1
39122,1
39126,1
39132,1
39143,1
39165,1
39185,1
39191,1
39209,1
39215,1
39217,1
39227,1
39228,1
39231,1
39239,1
39249,1
39254,1
39260,1
39263,1
39272,1
39287,1
39385,1
39387,1
39410,1
39412,1
39414,1
39428,1
39434,1
39437,1
39439,1
39448,1
39475,1
39508,1
39525,1
39527,1
39553,1
39558,1
39559,1
39590,1
39605,1
39607,1
39609,1
39610,1
39611,1
39612,1
39627,1
39633,1
39635,1
39636,1
39642,1
39664,1
39671,1
39691,1
39702,1
39719,1
39757,1
39760,1
39765,1
39780,1
39783,1
39788,1
39798,1
39843,1
39844,1
39845,1
39854,1
39884,1
39885,1
39892,1
39902,1
39903,1
39906,1
39907,1
39910,1
39915,1
39930,1
39947,1
39955,1
39979,1
39981,1
39996,1
40006,1
40009,1
40011,1
40012,1
40021,1
40030,1
40035,1
40049,1
40080,1
40081,1
40099,1
40114,1
40118,1
40134,1
40135,1
40156,1
40177,1
40180,1
40198,1
40203,1
40210,1
40220,1
40245,1
40279,1
40307,1
40320,1
40327,1
40347,1
40350,1
40361,1
40398,1
40491,1
40532,1
40579,1
40580,1
40630,1
40654,1
40663,1
40684,1
40697,1
40752,1
40755,1
40763,1
40776,1
40778,1
40812,1
40817,1
40820,1
40821,1
40857,1
40866,1
40903,1
40917,1
40961,1
40983,1
41071,1
41086,1
41096,1
41104,1
41130,1
41133,1
41139,1
41164,1
41166,1
41179,1
41195,1
41207,1
41217,1
41235,1
41242,1
41259,1
41263,1
41269,1
41272,1
41293,1
41312,1
41319,1
41341,1
41361,1
41395,1
41414,1
41417,1
41427,1
41428,1
41431,1
41445,1
41458,1
41462,1
41463,1
41469,1
41517,1
41533,1
41542,1
41553,1
41554,1
41556,1
41558,1
41575,1
41601,1
41608,1
41621,1
41633,1
41644,1
41653,1
41673,1
41684,1
41714,1
41721,1
41752,1
41785,1
41787,1
41788,1
41807,1
41811,1
41836,1
41863,1
41865,1
41867,1
41872,1
41886,1
41918,1
41966,1
41969,1
41972,1
41973,1
41990,1
41991,1
42015,1
42038,1
42087,1
42093,1
42112,1
42181,1
42183,1
42188,1
42190,1
42200,1
42220,1
42247,1
42249,1
42290,1
42295,1
42299,1
42317,1
42319,1
42321,1
42326,1
42338,1
42359,1
42360,1
42381,1
42390,1
42407,1
42408,1
42430,1
42467,1
42478,1
42480,1
42482,1
42486,1
42487,1
42488,1
42492,1
42538,1
42563,1
42564,1
42575,1
42581,1
42589,1
42590,1
42594,1
42595,1
42596,1
42601,1
42610,1
42612,1
42616,1
42641,1
42649,1
42653,1
42654,1
42656,1
42657,1
42661,1
42663,1
42667,1
42669,1
42681,1
42746,1
42749,1
42779,1
42790,1
42792,1
42794,1
42798,1
42803,1
42820,1
42824,1
42848,1
42862,1
42896,1
42904,1
42905,1
42914,1
42949,1
42951,1
42966,1
42972,1
42977,1
43010,1
43013,1
43031,1
43071,1
43075,1
43109,1
43118,1
43123,1
43126,1
43129,1
43134,1
43142,1
43146,1
43147,1
43148,1
43158,1
43160,1
43161,1
43192,1
43193,1
43205,1
43222,1
43234,1
43253,1
43277,1
43287,1
43309,1
43314,1
43318,1
43345,1
43351,1
43373,1
43395,1
43403,1
43422,1
43423,1
43439,1
43446,1
43458,1
43469,1
43491,1
43495,1
43524,1
43550,1
43576,1
43577,1
43609,1
43626,1
43687,1
43700,1
43710,1
43713,1
43719,1
43720,1
43730,1
43745,1
43767,1
43768,1
43775,1
43812,1
43824,1
43834,1
43836,1
43837,1
43857,1
43904,1
43956,1
44031,1
44076,1
44119,1
44127,1
44152,1
44163,1
44185,1
44189,1
44205,1
44207,1
44243,1
44249,1
44290,1
44294,1
44319,1
44338,1
44341,1
44348,1
44373,1
44399,1
44400,1
44402,1
44415,1
44454,1
44473,1
44483,1
44490,1
44515,1
44517,1
44528,1
44575,1
44587,1
44591,1
44594,1
44602,1
44679,1
44698,1
44714,1
44739,1
44761,1
44763,1
44782,1
44788,1
44789,1
44798,1
44824,1
44858,1
44860,1
44865,1
44899,1
44986,1
45002,1
45003,1
45010,1
45074,1
45104,1
45110,1
45149,1
45181,1
45199,1
45214,1
45215,1
45239,1
45260,1
45261,1
45264,1
45286,1
45349,1
45355,1
45367,1
45377,1
45387,1
45391,1
45397,1
45398,1
45402,1
45404,1
45410,1
45457,1
45472,1
45479,1
45487,1
45493,1
45506,1
45508,1
45516,1
45518,1
45541,1
45543,1
45547,1
45548,1
45582,1
45585,1
45588,1
45592,1
45602,1
45612,1
45627,1
45692,1
45709,1
45716,1
45744,1
45770,1
45784,1
45792,1
45803,1
45810,1
45824,1
45832,1
45833,1
45839,1
45876,1
45879,1
45910,1
45917,1
45933,1
45936,1
45960,1
45999,1
46000,1
46026,1
46064,1
46083,1
46092,1
46123,1
46167,1
46172,1
46195,1
46196,1
46216,1
46228,1
46247,1
46279,1
46289,1
46290,1
46291,1
46292,1
46295,1
46310,1
46311,1
46318,1
46325,1
46326,1
46352,1
46365,1
46373,1
46374,1
46382,1
46401,1
46420,1
46421,1
46433,1
46512,1
46513,1
46520,1
46575,1
46589,1
46607,1
46634,1
46693,1
46695,1
46699,1
46705,1
46760,1
46766,1
46781,1
46823,1
46829,1
46833,1
46841,1
46870,1
46880,1
46893,1
46896,1
46902,1
46903,1
46911,1
46933,1
46963,1
46996,1
47042,1
47097,1
47103,1
47115,1
47122,1
47155,1
47180,1
47231,1
47274,1
47287,1
47295,1
47298,1
47299,1
47305,1
47306,1
47307,1
47310,1
47312,1
47327,1
47367,1
47392,1
47402,1
47444,1
47447,1
47449,1
47451,1
47462,1
47463,1
47470,1
47471,1
47472,1
47497,1
47498,1
47507,1
47514,1
47518,1
47521,1
47523,1
47527,1
47543,1
47552,1
47566,1
47582,1
47586,1
47602,1
47607,1
47610,1
47611,1
47617,1
47619,1
47624,1
47628,1
47634,1
47657,1
47676,1
47679,1
47706,1
47719,1
47727,1
47774,1
47776,1
47818,1
47837,1
47843,1
47848,1
47892,1
47893,1
47895,1
47896,1
47905,1
47911,1
47913,1
47945,1
47946,1
47950,1
47967,1
47976,1
47988,1
48000,1
48034,1
48040,1
48042,1
48065,1
48068,1
48080,1
48109,1
48116,1
48139,1
48174,1
48175,1
48182,1
48215,1
48226,1
48245,1
48262,1
48264,1
48317,1
48331,1
48348,1
48353,1
48354,1
48363,1
48376,1
48383,1
48426,1
48430,1
48470,1
48471,1
48472,1
48474,1
48490,1
48491,1
48498,1
48535,1
48583,1
48601,1
48612,1
48618,1
48636,1
48664,1
48699,1
48717,1
48734,1
48757,1
48760,1
48800,1
48812,1
48831,1
48836,1
48849,1
48863,1
48877,1
48890,1
48893,1
48913,1
48925,1
48930,1
48969,1
48971,1
48976,1
49027,1
49030,1
49038,1
49092,1
49096,1
49131,1
49134,1
49167,1
49196,1
49197,1
49212,1
49225,1
49241,1
49243,1
49255,1
49293,1
49365,1
49371,1
49380,1
49387,1
49399,1
49407,1
49408,1
49426,1
49429,1
49440,1
49474,1
49583,1
49617,1
49635,1
49643,1
49644,1
49647,1
50277,1
50316,1
50327,1
50333,1
50336,1
50342,1
50343,1
50361,1
50366,1
50391,1
50394,1
50403,1
50430,1
50431,1
50432,1
50433,1
50435,1
50449,1
50465,1
50476,1
50478,1
50509,1
50510,1
50514,1
50515,1
50518,1
50520,1
50525,1
50529,1
50539,1
50546,1
50556,1
50569,1
50575,1
50599,1
50632,1
50641,1
50721,1
50727,1
50980,1
50995,1
51003,1
51010,1
51041,1
51047,1
51098,1
51104,1
51105,1
51127,1
51129,1
51149,1
51226,1
51246,1
51254,1
51258,1
51291,1
51302,1
51318,1
51324,1
51362,1
51394,1
51416,1
51512,1
51514,1
51528,1
51573,1
51640,1
51643,1
51737,1
51793,1
51862,1
51883,1
51923,1
51939,1
51940,1
51952,1
51957,1
52016,1
52038,1
52044,1
52061,1
52062,1
52063,1
52070,1
52091,1
52094,1
52138,1
52149,1
52154,1
52171,1
52183,1
52198,1
52201,1
52275,1
52321,1
52331,1
52351,1
52400,1
52424,1
52463,1
52472,1
52497,1
52514,1
52515,1
52538,1
52544,1
52585,1
52604,1
52643,1
52775,1
52976,1
53051,1
53127,1
53187,1
53227,1
53291,1
53362,1
53373,1
53576,1
53608,1
53627,1
53772,1
53783,1
53865,1
53906,1
53909,1
53983,1
54000,1
54024,1
54106,1
54123,1
54384,1
54579,1
54593,1
54682,1
55002,1
55173,1
55196,1
55368,1
55633,1
55666,1
55669,1
55703,1
55711,1
55776,1
55783,1
55833,1
55929,1
55937,1
55946,1
56485,1
56507,1
56520,1
56532,1
56558,1
56579,1
56580,1
56589,1
56591,1
56603,1
56633,1
56645,1
56663,1
56664,1
56665,1
56666,1
56671,1
56672,1
56685,1
56696,1
56805,1
56807,1
56817,1
56877,1
56945,1
57033,1
57040,1
57059,1
57095,1
57104,1
57130,1
57186,1
57190,1
57204,1
57216,1
57218,1
57233,1
57257,1
57275,1
57334,1
57376,1
57377,1
57392,1
57530,1
57560,1
57652,1
57654,1
57656,1
57657,1
57662,1
57687,1
57688,1
57739,1
57795,1
57815,1
57823,1
57826,1
57829,1
57849,1
57853,1
57858,1
57863,1
57869,1
57881,1
57885,1
57917,1
57923,1
57926,1
57931,1
57940,1
57962,1
57963,1
57973,1
57981,1
57986,1
57996,1
57999,1
58010,1
58013,1
58016,1
58027,1
58048,1
58061,1
58065,1
58068,1
58094,1
58097,1
58099,1
58102,1
58112,1
58120,1
58134,1
58143,1
58144,1
58205,1
58220,1
58226,1
58229,1
58242,1
58243,1
58248,1
58255,1
58258,1
58263,1
58317,1
58327,1
58344,1
58345,1
58357,1
58435,1
58524,1
58558,1
58571,1
58574,1
58578,1
58598,1
58615,1
58626,1
58633,1
58699,1
58700,1
58738,1
58751,1
58755,1
58776,1
58899,1
58900,1
58910,1
58917,1
58918,1
58926,1
58935,1
58982,1
58983,1
59065,1
59118,1
59119,1
59127,1
59144,1
59153,1
59154,1
59245,1
59246,1
59254,1
59282,1
59318,1
59319,1
59335,1
59360,1
59365,1
59366,1
59367,1
59374,1
59405,1
59471,1
59482,1
59483,1
59504,1
59509,1
59520,1
59521,1
59558,1
59606,1
59634,1
59637,1
59656,1
59677,1
59694,1
59713,1
59717,1
59734,1
59739,1
59755,1
59780,1
59781,1
59791,1
59809,1
59810,1
59820,1
59947,1
59953,1
59957,1
59959,1
59967,1
59970,1
59972,1
59973,1
59990,1
59995,1
59996,1
60006,1
60065,1
60156,1
60158,1
60226,1
60242,1
60259,1
60280,1
60333,1
60346,1
60361,1
60365,1
60368,1
60473,1
60547,1
60655,1
60786,1
60789,1
60798,1
60860,1
60867,1
60870,1
60915,1
61006,1
61010,1
61012,1
61022,1
61024,1
61057,1
61064,1
61090,1
61096,1
61101,1
61102,1
61103,1
61119,1
61120,1
61142,1
61143,1
61153,1
61183,1
61200,1
61206,1
61213,1
61241,1
61261,1
61264,1
61266,1
61272,1
61282,1
61286,1
61288,1
61296,1
61312,1
61316,1
61336,1
61354,1
61373,1
61384,1
61396,1
61401,1
61402,1
61432,1
61457,1
61523,1
61669,1
61670,1
61671,1
61685,1
61742,1
61749,1
61760,1
61765,1
61766,1
61828,1
61917,1
61936,1
61940,1
61951,1
61967,1
62005,1
62006,1
62040,1
62043,1
62056,1
62090,1
62099,1
62104,1
62111,1
62138,1
62143,1
62144,1
62145,1
62161,1
62173,1
62181,1
62182,1
62183,1
62227,1
62240,1
62252,1
62273,1
62301,1
62332,1
62363,1
62386,1
62393,1
62415,1
62453,1
62484,1
62485,1
62493,1
62503,1
62548,1
62551,1
62595,1
62616,1
62674,1
62676,1
62702,1
62735,1
62759,1
62760,1
62809,1
62810,1
62818,1
62821,1
62831,1
62853,1
62856,1
62899,1
62904,1
62911,1
62951,1
62952,1
62975,1
62990,1
63042,1
63054,1
63060,1
63065,1
63068,1
63084,1
63094,1
63098,1
63133,1
63136,1
63149,1
63164,1
63169,1
63204,1
63235,1
63254,1
63300,1
63305,1
63320,1
63521,1
63703,1
63707,1
63848,1
63892,1
63895,1
63948,1
64073,1
64075,1
64102,1
64146,1
64148,1
64184,1
64194,1
64201,1
64210,1
64217,1
64218,1
64223,1
64238,1
64246,1
64249,1
64285,1
64332,1
64364,1
64392,1
64399,1
64498,1
64568,1
64613,1
64619,1
64656,1
64708,1
64751,1
64781,1
64786,1
64841,1
64849,1
64862,1
64932,1
64953,1
64978,1
64982,1
64986,1
65000,1
65033,1
65046,1
65109,1
65155,1
65236,1
65309,1
65310,1
65317,1
65359,1
65361,1
65362,1
65378,1
65409,1
65413,1
65428,1
65451,1
65458,1
65518,1
65532,1
65549,1
65554,1
65666,1
65676,1
65677,1
65697,1
65701,1
65708,1
65714,1
65716,1
65718,1
65754,1
65762,1
65778,1
65804,1
65827,1
65845,1
65927,1
65928,1
65949,1
65977,1
66030,1
66045,1
66059,1
66064,1
66075,1
66083,1
66105,1
66110,1
66129,1
66135,1
66169,1
66170,1
66176,1
66218,1
66226,1
66243,1
66263,1
66271,1
66277,1
66285,1
66292,1
66299,1
66346,1
66352,1
66353,1
66363,1
66380,1
66389,1
66395,1
66423,1
66426,1
66447,1
66485,1
66486,1
66496,1
66517,1
66524,1
66556,1
66572,1
66577,1
66594,1
66598,1
66619,1
66628,1
66669,1
66670,1
66671,1
66708,1
66715,1
66784,1
66795,1
66802,1
66805,1
66815,1
66817,1
66819,1
67019,1
67020,1
67062,1
67065,1
67073,1
67087,1
67112,1
67183,1
67312,1
67327,1
67351,1
67386,1
67388,1
67403,1
67454,1
67466,1
67474,1
67495,1
67504,1
67505,1
67513,1
67574,1
67591,1
67632,1
67661,1
67669,1
67675,1
67685,1
67686,1
67703,1
67744,1
67794,1
67817,1
67818,1
67825,1
67870,1
67958,1
68002,1
68036,1
68037,1
68054,1
68068,1
68092,1
68096,1
68102,1
68111,1
68151,1
68170,1
68192,1
68235,1
68237,1
68278,1
68317,1
68330,1
68338,1
68343,1
68387,1
68390,1
68399,1
68449,1
68457,1
68458,1
68461,1
68474,1
68523,1
68575,1
68582,1
68592,1
68606,1
68608,1
68622,1
68630,1
68646,1
68651,1
68658,1
68681,1
68682,1
68725,1
68740,1
68741,1
68745,1
68748,1
68763,1
68779,1
68785,1
68793,1
68800,1
68846,1
68849,1
68854,1
68931,1
68932,1
68941,1
68968,1
68974,1
68999,1
69011,1
69021,1
69065,1
69071,1
69092,1
69119,1
69142,1
69199,1
69266,1
69296,1
69304,1
69307,1
69343,1
69382,1
69383,1
69391,1
69422,1
69426,1
69427,1
69455,1
69457,1
69474,1
69484,1
69494,1
69505,1
69509,1
69513,1
69517,1
69587,1
69592,1
69611,1
69614,1
69622,1
69637,1
69642,1
69645,1
69646,1
69649,1
69683,1
69687,1
69705,1
69758,1
69759,1
69760,1
69768,1
69796,1
69815,1
69838,1
69843,1
69959,1
69960,1
69966,1
69997,1
70007,1
70037,1
70075,1
70109,1
70115,1
70142,1
70146,1
70148,1
70211,1
70255,1
70270,1
70291,1
70297,1
70376,1
70377,1
70378,1
70385,1
70399,1
70424,1
70518,1
70519,1
70525,1
70559,1
70562,1
70626,1
70646,1
70671,1
70717,1
70719,1
70726,1
70754,1
70766,1
70818,1
70846,1
70915,1
70920,1
70959,1
70972,1
71033,1
71036,1
71045,1
71046,1
71055,1
71056,1
71098,1
71117,1
71155,1
71156,1
71180,1
71202,1
71208,1
71209,1
71210,1
71236,1
71240,1
71242,1
71267,1
71277,1
71325,1
71333,1
71381,1
71382,1
71422,1
71434,1
71435,1
71441,1
71460,1
71461,1
71477,1
71487,1
71488,1
71506,1
71523,1
71525,1
71551,1
71584,1
71632,1
71640,1
71661,1
71672,1
71680,1
71690,1
71700,1
71723,1
71740,1
71770,1
71817,1
71819,1
71836,1
71837,1
71839,1
71853,1
71889,1
71902,1
71927,1
71930,1
71932,1
71937,1
71973,1
71984,1
71997,1
72001,1
72002,1
72009,1
72011,1
72017,1
72039,1
72097,1
72099,1
72104,1
72114,1
72132,1
72169,1
72172,1
72192,1
72211,1
72228,1
72247,1
72262,1
72275,1
72278,1
72294,1
72299,1
72306,1
72309,1
72311,1
72345,1
72355,1
72369,1
72380,1
72398,1
72399,1
72440,1
72442,1
72443,1
72467,1
72505,1
72517,1
72537,1
72582,1
72590,1
72617,1
72622,1
72653,1
72707,1
72756,1
72792,1
72797,1
72806,1
72844,1
72845,1
72874,1
72888,1
72908,1
72909,1
72911,1
72912,1
72919,1
72928,1
72947,1
72948,1
72981,1
73003,1
73076,1
73110,1
73111,1
73119,1
73123,1
73126,1
73143,1
73150,1
73155,1
73179,1
73192,1
73203,1
73210,1
73236,1
73240,1
73279,1
73306,1
73332,1
73333,1
73334,1
73341,1
73397,1
73439,1
73445,1
73452,1
73484,1
73493,1
73510,1
73514,1
73531,1
73547,1
73548,1
73559,1
73572,1
73585,1
73600,1
73617,1
73627,1
73637,1
73644,1
73646,1
73689,1
73699,1
73700,1
73709,1
73737,1
73751,1
73786,1
73834,1
73925,1
73943,1
73994,1
74014,1
74040,1
74072,1
74082,1
74085,1
74089,1
74098,1
74109,1
74220,1
74239,1
74269,1
74276,1
74304,1
74316,1
74321,1
74340,1
74386,1
74397,1
74413,1
74415,1
74416,1
74419,1
74420,1
74421,1
74456,1
74466,1
74488,1
74492,1
74494,1
74505,1
74508,1
74512,1
74517,1
74519,1
74541,1
74551,1
74555,1
74565,1
74588,1
74592,1
74598,1
74672,1
74712,1
74720,1
74723,1
74749,1
74755,1
74765,1
74789,1
74805,1
74825,1
74831,1
74836,1
74837,1
74889,1
74900,1
74919,1
74954,1
74964,1
74992,1
74995,1
75001,1
75087,1
75104,1
75122,1
75126,1
75153,1
75156,1
75184,1
75203,1
75206,1
75208,1
75218,1
75269,1
75277,1
75293,1
75304,1
75311,1
75315,1
75359,1
75395,1
75396,1
75415,1
75417,1
75428,1
75449,1
75450,1
75465,1
75467,1
75470,1
75475,1
75491,1
75496,1
75504,1
75510,1
75520,1
75523,1
75524,1
75532,1
75538,1
75578,1
75601,1
75626,1
75658,1
75673,1
75717,1
75759,1
75762,1
75901,1
75919,1
75926,1
75931,1
75934,1
75957,1
75963,1
75976,1
75995,1
75999,1
76006,1
76025,1
76026,1
76046,1
76113,1
76116,1
76124,1
76128,1
76146,1
76200,1
76250,1
76277,1
76307,1
76345,1
76346,1
76367,1
76377,1
76378,1
76380,1
76381,1
76400,1
76457,1
76466,1
76474,1
76488,1
76498,1
76594,1
76636,1
76655,1
76658,1
76661,1
76675,1
76712,1
76720,1
76745,1
76754,1
76758,1
76776,1
76781,1
76786,1
76802,1
76858,1
76882,1
76906,1
76926,1
76931,1
76998,1
77039,1
77044,1
77064,1
77073,1
77183,1
77185,1
77186,1
77188,1
77214,1
77249,1
77294,1
77318,1
77381,1
77388,1
77401,1
77442,1
77456,1
77465,1
77474,1
77506,1
77523,1
77536,1
77554,1
77556,1
77564,1
77577,1
77604,1
77613,1
77614,1
77616,1
77620,1
77632,1
77688,1
77693,1
77694,1
77697,1
77698,1
77699,1
77741,1
77803,1
77804,1
77807,1
77849,1
77893,1
77894,1
77904,1
77906,1
77924,1
77929,1
77941,1
77950,1
77955,1
77982,1
77983,1
77989,1
77998,1
78003,1
78006,1
78007,1
78008,1
78013,1
78025,1
78034,1
78042,1
78062,1
78102,1
78105,1
78152,1
78197,1
78212,1
78219,1
78266,1
78270,1
78271,1
78275,1
78278,1
78281,1
78301,1
78309,1
78317,1
78328,1
78339,1
78341,1
78374,1
78393,1
78400,1
78405,1
78413,1
78421,1
78485,1
78544,1
78574,1
78575,1
78621,1
78622,1
78632,1
78634,1
78659,1
78683,1
78709,1
78713,1
78723,1
78752,1
78769,1
78779,1
78787,1
78825,1
78847,1
78854,1
78855,1
78861,1
78885,1
78886,1
78906,1
78978,1
78979,1
78996,1
78999,1
79046,1
79052,1
79075,1
79084,1
79144,1
79150,1
79162,1
79189,1
79221,1
79254,1
79273,1
79279,1
79282,1
79293,1
79310,1
79311,1
79312,1
79315,1
79324,1
79325,1
79330,1
79336,1
79340,1
79344,1
79352,1
79380,1
79393,1
79399,1
79421,1
79428,1
79441,1
79456,1
79478,1
79491,1
79494,1
79512,1
79514,1
79534,1
79553,1
79566,1
79572,1
79580,1
79587,1
79609,1
79659,1
79718,1
79725,1
79747,1
79811,1
79817,1
79828,1
79838,1
79857,1
79862,1
79916,1
79924,1
79925,1
79962,1
80018,1
80027,1
80039,1
80064,1
80068,1
80075,1
80090,1
80127,1
80134,1
80139,1
80162,1
80167,1
80179,1
80181,1
80191,1
80192,1
80196,1
80210,1
80253,1
80255,1
80261,1
80305,1
80333,1
80334,1
80336,1
80340,1
80343,1
80350,1
80372,1
80393,1
80398,1
80399,1
80405,1
80415,1
80422,1
80423,1
80429,1
80432,1
80436,1
80451,1
80470,1
80492,1
80512,1
80513,1
80547,1
80600,1
80603,1
80673,1
80702,1
80741,1
80753,1
80789,1
80795,1
80801,1
80820,1
80838,1
80849,1
80867,1
80869,1
80878,1
80895,1
80910,1
80957,1
80958,1
80964,1
80965,1
80966,1
80970,1
80994,1
80998,1
81016,1
81054,1
81065,1
81166,1
81170,1
81204,1
81236,1
81322,1
81368,1
81413,1
81417,1
81419,1
81420,1
81441,1
81442,1
81464,1
81467,1
81474,1
81488,1
81504,1
81557,1
81558,1
81559,1
81562,1
81604,1
81608,1
81623,1
81633,1
81643,1
81650,1
81661,1
81662,1
81673,1
81686,1
81695,1
81698,1
81702,1
81775,1
81872,1
81916,1
81921,1
81929,1
81930,1
81945,1
81955,1
81957,1
81958,1
81959,1
81960,1
81975,1
81978,1
82001,1
82037,1
82114,1
82128,1
82130,1
82151,1
82257,1
82258,1
82259,1
82378,1
82384,1
82425,1
82462,1
82479,1
82485,1
82492,1
82527,1
82531,1
82540,1
82546,1
82548,1
82579,1
82594,1
82603,1
82623,1
82771,1
82793,1
82815,1
82818,1
82824,1
82836,1
82863,1
82909,1
82921,1
82940,1
82941,1
82942,1
82945,1
82953,1
82954,1
82973,1
83024,1
83060,1
83107,1
83113,1
83119,1
83120,1
83135,1
83155,1
83221,1
83249,1
83287,1
83329,1
83364,1
83395,1
83396,1
83413,1
83426,1
83446,1
83459,1
83463,1
83491,1
83492,1
83522,1
83676,1
83708,1
83718,1
83732,1
83740,1
83794,1
83824,1
83829,1
83842,1
83912,1
83924,1
83926,1
83942,1
84019,1
84025,1
84032,1
84033,1
84051,1
84052,1
84053,1
84055,1
84056,1
84094,1
84111,1
84125,1
84147,1
84166,1
84210,1
84234,1
84253,1
84268,1
84285,1
84297,1
84298,1
84309,1
84317,1
84320,1
84321,1
84329,1
84360,1
84373,1
84410,1
84415,1
84486,1
84509,1
84523,1
84544,1
84575,1
84605,1
84621,1
84632,1
84661,1
84672,1
84692,1
84717,1
84803,1
84894,1
84911,1
84919,1
84925,1
84947,1
84982,1
84983,1
85003,1
85004,1
85052,1
85066,1
85086,1
85131,1
85167,1
85174,1
85214,1
85259,1
85320,1
85386,1
85410,1
85417,1
85446,1
85484,1
85486,1
85597,1
85622,1
85691,1
85692,1
85715,1
85724,1
85767,1
85768,1
85808,1
85816,1
85828,1
85830,1
85833,1
85856,1
85859,1
85875,1
85882,1
85919,1
85926,1
85980,1
86022,1
86043,1
86051,1
86102,1
86103,1
86107,1
86123,1
86131,1
86181,1
86195,1
86202,1
86203,1
86219,1
86232,1
86250,1
86279,1
86283,1
86302,1
86346,1
