fahrzeugId,anzahlPferde
21,1
61,2
83,2
89,1
90,2
95,1
110,1
145,1
207,2
216,1
237,1
256,2
269,2
278,1
283,3
302,11
307,4
343,2
354,4
365,1
372,14
408,2
412,2
418,5
467,3
499,2
516,15
557,4
559,4
580,6
601,4
632,6
634,1
637,1
650,1
655,4
661,2
675,1
677,1
678,2
691,1
702,1
717,3
724,1
725,2
732,1
734,2
740,6
746,2
751,1
752,3
757,6
769,1
784,3
792,3
794,65
796,5
797,1
798,13
799,11
805,6
808,21
811,1
812,1
816,12
819,1
823,2
826,2
833,2
859,7
866,2
867,1
892,1
902,1
905,1
908,2
918,2
921,6
923,2
937,1
940,2
979,1
997,7
1005,1
1013,1
1014,1
1026,1
1038,7
1048,1
1050,1
1062,1
1066,2
1067,2
1070,25
1071,4
1073,1
1075,2
1091,1
1092,1
1106,1
1121,1
1129,16
1145,1
1152,1
1179,1
1188,2
1194,1
1198,1
1200,2
1201,1
1231,1
1236,2
1246,1
1247,1
1296,1
1300,2
1313,2
1319,2
1324,1
1327,1
1333,1
1335,2
1343,3
1344,1
1363,5
1375,1
1382,1
1391,2
1407,1
1409,1
1410,1
1415,6
1424,1
1434,1
1440,2
1443,2
1456,5
1458,12
1476,1
1481,1
1485,1
1509,1
1510,1
1517,1
1520,1
1521,1
1523,1
1531,1
1535,4
1548,2
1550,1
1551,3
1558,2
1559,1
1561,2
1607,4
1614,1
1615,1
1624,1
1629,6
1632,3
1640,1
1647,1
1648,1
1651,1
1655,2
1657,2
1702,2
1704,2
1705,1
1717,2
1718,1
1719,2
1722,1
1728,1
1742,1
1765,1
1766,1
1769,1
1789,6
1790,1
1809,1
1849,2
1859,2
1870,1
1871,2
1875,1
1885,2
1929,1
1934,2
1937,1
1960,1
1972,2
1992,1
1995,1
1996,1
1998,4
2001,1
2006,1
2007,1
2009,5
2016,1
2037,1
2052,3
2060,1
2063,12
2069,2
2072,3
2076,1
2077,1
2082,1
2088,13
2102,2
2104,1
2107,4
2109,1
2115,2
2119,1
2156,1
2159,1
2163,2
2171,7
2179,1
2180,1
2183,2
2184,1
2188,3
2194,2
2203,1
2216,2
2222,2
2230,1
2231,2
2257,1
2268,5
2281,1
2304,1
2309,1
2313,2
2314,1
2327,1
2344,1
2354,1
2374,1
2404,1
2421,1
2440,2
2454,2
2494,1
2499,2
2515,1
2525,1
2537,1
2551,3
2555,3
2556,3
2557,3
2559,2
2566,1
2579,7
2581,2
2586,1
2590,1
2591,1
2592,16
2607,1
2608,1
2628,1
2661,1
2673,5
2674,2
2683,1
2709,1
2710,1
2713,1
35365,1
2722,11
2725,1
2731,2
2732,2
2742,2
2745,4
2747,2
2750,2
2770,3
2777,1
2782,3
2793,1
2806,1
2823,1
2824,2
2827,4
2835,20
2842,5
2855,5
2858,1
35362,1
2866,6
2889,1
2890,2
2891,9
2894,2
2908,2
2916,4
2917,2
2931,10
2932,1
2935,1
2953,1
2958,1
2967,1
2970,40
2984,1
2987,1
3005,1
3033,1
3048,30
3053,5
3055,1
3102,1
3120,1
3124,1
3132,1
3143,1
3148,2
3150,2
3176,1
3177,1
3178,2
3193,1
3215,1
3226,1
3227,1
3242,2
3243,1
3255,1
3262,1
3265,2
3267,2
3284,1
3285,3
3292,1
3294,1
3299,1
3301,1
3304,2
3306,2
3323,2
3320,1
3326,1
3329,2
3333,1
3340,2
3351,12
3361,2
3364,1
3365,1
3367,1
3368,1
3377,2
3381,1
3385,1
3393,2
3395,1
3398,1
3402,24
3407,4
3409,2
3416,6
3426,1
3435,1
3441,4
3443,1
3458,6
3465,5
3468,1
3469,1
3470,2
3472,3
3507,1
3510,1
3511,1
3514,1
3515,1
3517,1
3521,1
3525,1
3530,1
3544,1
3550,2
3554,1
3558,2
3559,1
3572,1
3573,1
3574,3
3579,10
3582,1
3584,1
3585,2
3586,3
3605,1
3609,5
3626,1
3632,7
3639,2
3646,1
3648,1
3649,2
3652,2
3657,1
3659,4
3665,12
3670,1
3674,2
3680,20
3690,2
3695,1
3706,8
3715,1
3732,3
3735,2
3746,6
3773,3
3775,13
3779,2
3797,13
3800,1
3804,2
3805,2
3809,10
3815,6
3816,1
3817,1
3824,1
3828,7
3833,1
3845,1
3846,1
3847,6
3850,1
3855,1
3874,5
3880,12
3886,2
3891,1
3892,5
3899,6
3904,4
3911,35
3932,1
3939,1
3947,26
3952,12
3954,1
3964,3
3980,14
3982,6
3988,7
3993,42
3996,33
4008,6
4015,1
4023,2
4026,5
4058,2
4061,1
4072,9
4079,2
4080,1
4112,1
4113,46
4128,1
4129,1
4148,1
4150,2
4158,2
4159,2
4163,4
4166,1
4177,1
4178,1
4181,1
4196,8
4198,1
4206,3
4212,2
4217,13
4223,1
4233,2
4242,5
4243,11
4247,1
4250,18
4254,4
4264,1
4266,8
4279,3
4286,5
4289,4
4298,1
4305,1
4327,3
4331,5
4333,3
4343,2
4344,1
4346,2
4347,1
4352,2
4356,14
4364,3
4372,4
4373,1
4403,1
4555,1
4562,11
4569,1
4572,2
4587,1
4594,4
4609,2
4641,1
4646,2
4665,2
4689,5
4700,14
4715,4
4726,1
4747,3
4753,1
4759,3
4762,2
4784,1
4800,7
4801,1
4806,1
4811,1
4828,1
4835,1
4849,1
4858,1
4889,2
4895,1
4919,14
4924,1
4929,1
4930,1
4934,1
4949,1
4954,2
4961,8
4980,2
4983,5
5002,2
5003,1
5017,2
5041,8
5043,3
5052,1
5054,1
5068,4
5077,1
5088,4
5114,15
5117,1
5142,1
5147,1
5169,1
5170,3
5179,1
5193,3
5209,3
5218,1
5244,1
5279,1
5313,5
5359,1
5363,2
5365,2
5368,2
5370,1
5377,1
5378,1
5384,1
5404,15
5425,2
5428,2
5472,1
5473,1
5477,1
5482,3
5485,65
5499,7
5503,1
5504,1
5510,1
5525,2
5539,2
5550,1
5553,1
5558,1
5559,1
5566,2
5570,1
5573,1
5578,1
5587,10
5596,1
5613,3
5614,1
5621,1
5623,2
5627,3
5631,3
5632,6
5633,1
5637,1
5640,3
5660,2
5675,2
5677,3
35344,1
5684,4
5688,2
5692,1
5706,1
5713,3
5725,1
5727,4
5745,1
5747,1
5762,1
5771,2
5784,1
5788,1
5803,5
5805,1
5806,1
5807,3
5816,13
5817,1
5821,2
5822,2
5836,1
5840,4
5854,1
5865,1
5876,1
5888,1
5892,1
5907,2
5912,3
5919,2
5927,5
5938,3
5939,1
5940,2
5953,7
5971,24
5985,4
5987,49
5991,2
6015,3
6019,1
6020,1
6039,1
6042,2
6043,2
6046,6
6060,1
6068,5
6088,1
6093,10
6120,1
6121,2
6125,1
6126,1
6131,1
6135,1
6155,1
6157,1
6158,1
6160,2
6166,1
6168,1
6170,1
6193,1
6195,2
6204,2
6217,5
6252,2
6258,1
6276,1
6277,1
6290,1
6300,3
6311,1
6317,1
6341,1
6342,1
6349,1
6360,3
6381,1
6392,13
6394,1
6409,1
6411,1
6414,2
6447,2
6450,3
6461,1
6464,1
6484,1
6493,3
6495,2
6503,1
6505,1
6509,2
6513,1
6515,2
6519,1
6524,1
6525,2
6540,1
6557,2
6569,2
6574,2
6576,1
6589,2
6605,3
6609,1
6619,1
6620,1
6624,1
6630,1
6632,1
6651,1
6666,2
6668,1
6670,1
6674,2
6679,1
6681,2
6687,7
6691,1
6692,3
6693,1
6705,1
6707,4
6713,1
6714,1
6732,6
6750,1
6762,1
6771,1
6774,8
6780,1
6781,2
6789,7
6804,2
6807,2
6815,1
6820,3
6821,1
6822,2
6838,1
6841,1
6845,1
6852,1
6871,2
6889,1
6905,2
6932,1
6940,2
6951,1
6952,1
6969,1
6975,7
6989,2
7003,1
7009,1
7010,2
7011,2
7034,5
7056,2
7107,1
7125,2
7128,1
7138,1
7139,1
7146,3
7148,2
7153,1
7158,1
7159,1
7165,1
7168,2
7176,3
7178,2
7185,6
7200,1
7209,1
7218,1
7221,2
7222,2
7242,2
7252,3
7264,1
7273,1
7280,1
7282,2
7291,1
7295,1
7315,1
7321,1
7328,1
7336,2
7338,1
7342,1
7348,1
7349,2
7358,1
7367,6
7375,1
7386,1
7395,2
7396,1
7402,1
7405,1
7412,2
7434,1
7441,1
7462,2
7468,6
7473,2
7495,1
7503,1
7518,1
7526,1
7529,4
7539,1
7545,1
7556,2
7570,1
7571,1
7573,1
7581,1
7583,1
7585,24
7591,2
7592,2
7595,1
7599,8
7605,1
7607,1
7610,2
7614,1
7615,2
7632,4
7633,5
7635,2
7642,1
7682,1
7703,5
7709,1
7713,2
7728,2
7732,8
7744,1
7753,1
7760,2
7761,1
7773,1
7776,1
7783,2
7796,1
7798,2
7802,1
7809,1
7820,8
7829,2
7831,1
7832,11
7833,1
7840,1
7848,2
7851,8
7853,1
7854,10
7857,1
7867,2
7873,1
7875,1
7876,2
7880,1
7881,1
7889,1
7890,3
7914,2
7918,1
7922,1
7927,1
7934,2
7939,2
7945,1
7950,4
7952,8
7953,1
7963,2
7971,22
7972,1
7974,4
7977,4
7987,1
7992,1
8002,1
8006,1
8010,8
8015,6
8020,1
8031,1
8042,1
8046,20
8057,8
8059,1
8064,1
8065,2
8075,1
8079,2
8080,6
8081,7
8082,4
8083,4
8084,1
8098,1
8100,9
8103,2
8104,2
8109,1
8114,4
8115,1
8127,1
8128,1
8138,1
8141,2
8144,12
8153,2
8155,10
8156,1
8161,1
8162,1
8164,2
8166,1
8178,1
8194,1
8197,2
8198,15
8202,2
8206,1
8210,3
8217,1
8245,1
8270,2
8274,1
8281,1
8287,1
8291,1
8293,1
8299,2
8304,2
8317,3
8324,1
8331,1
8333,2
8334,1
8342,1
8348,1
8352,2
8353,2
8367,3
8368,5
8373,2
8380,1
8383,4
8393,2
8398,1
8411,1
8417,2
8418,2
8425,1
8434,2
8451,2
8457,4
8466,1
8478,1
8482,1
8489,1
8509,1
8521,2
8528,2
8533,1
8544,2
8550,1
8551,1
8558,2
8583,6
8617,2
8627,1
8628,10
8631,1
8635,1
8644,1
8647,1
8648,2
8652,2
8662,1
8667,1
8670,1
8671,2
8678,10
8685,1
8697,1
8708,1
8718,2
8720,3
8721,1
8722,12
8742,3
8744,1
8749,2
8755,2
8758,5
8759,2
8766,1
8769,1
8772,1
8776,1
8779,2
8780,3
8782,2
8784,13
8786,2
8794,2
8805,8
8806,1
8815,1
8822,2
8823,1
8824,1
8835,1
8837,2
8842,2
8846,7
8847,5
8850,2
8851,1
8856,5
8869,1
8879,1
8894,1
8895,1
8908,1
8916,2
8922,5
8935,2
8945,1
8955,2
8971,1
8988,6
9004,1
9005,1
9006,1
9026,4
9028,2
9033,2
9037,2
9038,1
9039,1
9050,11
9059,21
9074,1
9103,1
9120,2
9124,5
9132,18
9150,29
9156,10
9169,1
9177,4
9182,5
9186,1
9187,2
9188,2
9190,1
9193,1
9198,1
9231,1
9233,16
9234,2
9235,2
9248,36
9259,1
9264,30
9267,6
9272,35
9275,1
9276,1
9295,1
9296,2
9300,1
9305,18
9347,1
9351,1
9373,1
9379,2
9380,2
9387,1
9390,2
9400,4
9402,1
9403,1
9404,2
9418,2
9424,7
9428,13
9433,3
9434,6
9438,10
9440,1
9443,4
9460,1
9476,11
9486,3
9501,1
9509,1
9512,2
9536,2
9544,1
9550,2
9555,4
9576,2
9579,1
9598,3
9617,1
9627,4
9653,8
9663,1
9673,1
9676,1
9682,2
9688,1
9689,2
9702,1
9705,3
9711,1
9712,6
9713,1
9731,1
9734,5
9735,1
9739,3
9759,2
9762,2
9770,1
9772,1
9778,2
9789,4
9800,3
9809,1
9822,7
67667,1
9826,1
9830,2
9835,3
9848,1
9863,1
9885,2
9889,3
9901,2
9903,1
9905,2
9911,2
9918,1
9922,1
9927,1
9931,1
9933,1
9934,2
9935,2
9941,3
9954,2
9964,2
9979,2
9984,2
10002,1
10004,1
10007,10
10014,2
10015,1
10022,1
10032,10
10035,26
10077,2
10078,1
10091,12
10097,5
10116,25
10119,1
10135,1
10143,1
10146,2
10155,2
10184,1
10237,1
10247,1
10255,2
10257,1
10274,1
10293,1
10294,3
10306,2
10346,15
10365,1
10406,1
10468,1
35330,2
10479,13
10480,2
10495,1
10499,2
10500,1
10525,3
10528,2
10533,1
10541,1
10548,2
10552,1
10557,16
10590,1
10597,2
10608,10
10609,44
10611,32
10613,1
10634,6
10648,52
10653,24
10657,4
10658,7
10659,2
10660,6
10669,10
10673,2
10681,1
10691,80
10705,1
10711,3
10712,7
10718,24
10725,48
10750,4
10751,2
10757,1
10759,2
10814,2
10818,1
10827,1
10836,1
10848,2
10855,8
10856,14
10858,1
10877,69
10882,13
10883,2
10890,2
10916,1
10940,1
10958,2
10961,4
10987,2
11012,1
11024,9
11050,6
11052,5
11057,3
11077,7
11082,1
11088,60
11141,1
11146,7
11147,1
11161,2
11173,1
11175,1
11176,2
11193,1
11196,3
11198,13
11202,1
11203,6
11208,3
11210,60
11217,1
11242,1
11243,1
11249,1
11250,2
11252,2
11267,1
11278,1
11286,2
11287,1
11297,2
11305,1
11328,1
11334,4
11341,14
11347,1
11348,5
11352,1
11357,2
11358,1
11372,6
11377,1
11378,2
11396,2
11398,2
11406,2
11415,1
11416,3
11425,1
11426,1
11450,1
11451,1
11456,5
11474,2
11475,2
11496,2
11497,1
11499,1
11502,1
11510,1
11512,2
11523,6
11533,3
11534,1
11552,3
11575,2
11579,1
11584,1
11586,1
11591,10
11592,10
11594,1
11596,2
11616,8
11624,2
11628,3
11629,2
11633,1
11635,5
11637,1
11648,1
11667,6
11675,2
11697,2
11702,13
11711,1
11770,2
11789,2
11806,2
11813,2
11834,3
11835,3
11869,4
11874,7
11927,1
11929,14
11935,1
11948,1
11952,4
11963,4
12015,2
12034,10
12048,1
12055,1
12056,2
12069,1
12071,2
12077,2
12083,1
12085,7
12090,1
12114,1
12118,2
12121,1
12137,1
12139,5
12149,1
12150,1
12163,3
12168,1
12178,1
12182,2
12189,1
12195,5
12198,2
12201,3
12219,2
12225,2
12228,1
12231,8
12268,8
12277,4
12287,1
12289,5
12310,3
12368,1
12383,12
12389,3
12410,2
12413,5
12425,1
12428,1
12457,2
12465,1
12510,1
12527,3
12533,2
12535,1
12536,1
12538,2
12545,1
12547,1
12555,3
12574,1
12585,1
12597,10
12618,1
12626,6
12632,1
12634,1
12640,54
12669,7
12670,3
12673,28
12674,5
12682,1
12705,1
12732,2
12750,2
12764,2
12766,2
12769,1
12775,6
12801,3
12816,1
12818,3
12832,10
12846,5
12847,1
12848,1
12860,1
12862,9
12876,1
12905,3
12915,1
12942,2
12945,1
12972,1
13007,2
13023,1
13024,1
13025,1
13038,3
13044,2
13059,1
13064,1
13079,2
13081,1
13094,1
13095,2
13113,1
13124,1
13132,1
13133,1
13145,1
13146,2
13149,2
13153,3
13157,1
13158,2
13172,2
13176,1
13191,5
13192,7
13199,1
13202,1
13203,1
13212,4
13218,1
13225,4
13230,1
13241,1
13244,2
13251,2
13255,1
13270,6
13280,2
13288,2
13302,1
13304,1
13321,2
13334,1
13335,1
13338,1
13351,1
13352,1
13367,2
13373,1
13377,1
13378,1
13379,1
13381,1
13392,1
13413,5
13422,1
13429,1
13433,2
13435,1
13469,2
13493,1
13514,2
13515,2
13535,2
13539,3
13548,1
13551,5
13571,2
13575,1
13597,1
13601,1
13604,2
13611,1
13615,1
13616,1
13617,1
13618,1
13625,1
13626,2
13632,2
13635,2
13642,3
13648,15
13682,2
13692,1
13695,1
13696,2
13705,1
13720,1
13723,1
13724,1
13725,5
13734,1
13744,1
13763,1
13765,2
13771,1
13777,2
13779,3
13780,2
13783,3
13784,1
13785,1
13791,7
13792,3
13797,7
13803,1
13806,1
13816,2
13821,1
13828,2
13841,2
13855,2
13856,3
13858,1
13862,1
13879,5
13881,2
13887,1
13888,14
13897,4
13903,1
13914,2
13923,13
13948,3
13949,1
13953,2
13956,1
13963,3
13964,1
13965,1
13966,1
13968,1
13977,8
13978,2
13991,1
14008,2
14015,3
14016,1
14017,2
14018,1
14025,2
14028,8
14040,1
14047,2
14049,2
14054,1
14059,7
14064,1
14071,1
14075,1
14077,1
14084,1
14086,1
14105,16
14107,1
14132,4
14136,1
14146,3
14149,1
14167,2
14181,5
14198,1
14201,1
14204,1
14218,1
14228,3
14249,1
14252,3
14254,1
14267,1
14269,1
14270,1
14281,3
14291,1
14295,1
14305,1
14312,1
14324,1
14344,1
50787,2
14381,2
14382,1
14389,1
14393,1
14404,4
14406,1
14413,1
14419,2
14449,1
14456,1
14480,2
14495,1
14513,2
14514,1
14517,2
14544,7
14550,2
14553,1
14556,1
14559,1
14560,1
14569,1
14585,1
14588,1
14601,1
14604,1
14605,1
14608,3
14610,1
14614,1
14619,1
14621,1
14637,1
14645,1
14653,2
14661,1
14687,3
14703,2
14704,1
14705,2
14716,1
14726,1
14728,1
14731,1
14739,2
14748,1
14759,2
14780,2
14782,1
14784,1
14787,7
14789,1
14795,1
14806,9
14812,1
14813,1
14814,1
14843,1
14865,1
14871,2
14873,4
14876,1
14911,1
14924,1
14927,3
14935,1
14950,1
50783,3
15022,1
15079,5
15083,2
15089,1
15091,2
15120,2
15126,2
15143,3
15148,1
15150,1
15168,1
15173,3
15183,1
15188,2
15195,1
15208,2
15244,1
15245,1
15251,2
15253,4
15269,1
15270,1
15272,1
15273,1
15276,2
15286,1
15295,12
15304,2
15313,2
15338,1
15346,1
15351,1
15354,3
15355,2
15357,13
15371,1
15382,3
15393,2
15395,2
15410,2
15437,1
15455,1
15459,1
15470,1
15475,1
15484,1
15490,2
15491,3
15494,1
15505,1
15509,9
15521,1
15522,1
15525,2
15529,1
15541,1
15553,1
15576,2
15580,2
35358,1
15586,10
15588,3
15616,2
15620,2
15624,3
15631,2
15633,1
15666,1
15669,2
15673,1
15684,2
15689,4
14473,1
15707,1
14971,1
15767,1
15778,1
15781,2
15792,1
15794,1
15802,2
15808,1
15841,1
15853,1
15855,2
15856,2
15862,1
15863,1
15866,5
15878,1
15882,1
15886,1
15898,1
15910,4
15913,2
15915,1
15917,1
15971,2
15973,2
15989,3
15992,2
15994,1
16010,1
16018,1
16026,2
16032,1
16046,2
16079,1
16090,1
16091,13
16097,1
16100,1
16107,1
16126,10
16127,4
16132,1
16135,1
16136,4
16137,1
16138,7
16144,2
16146,2
16148,1
16149,1
16150,2
16164,1
16167,1
16169,1
16173,1
16180,1
16184,2
16189,1
16192,1
16204,1
16206,1
16207,2
16208,10
16235,1
16236,2
16240,1
16251,1
16264,2
16270,4
16276,1
16070,6
16311,1
16291,1
16316,3
16318,3
16321,14
16323,4
16326,1
16333,1
16352,1
16356,21
16364,1
16367,2
16387,1
16388,7
16397,2
16398,2
16409,1
16411,1
16424,2
16426,1
16437,1
16451,1
16452,1
16453,1
16454,2
16461,1
16472,1
16482,1
16484,1
16485,10
16490,1
16503,3
16517,4
16518,2
16519,2
16532,1
16535,1
16537,1
16538,1
16550,2
16557,30
16559,1
16560,1
16561,2
16564,2
16566,2
16567,1
16571,1
16588,5
16589,6
16599,4
16600,2
16609,1
16611,1
16612,1
16615,1
16633,1
16641,10
16650,5
16653,1
16655,3
16663,2
16666,5
16669,1
16704,4
16709,1
16727,1
16729,5
16741,1
16742,1
16746,1
16751,10
16752,3
16780,5
16788,1
16791,1
16792,2
16796,1
16808,4
16827,1
16850,1
16853,2
16855,1
16854,1
16857,1
16862,2
16878,1
16880,49
16882,1
16888,2
16893,1
16894,1
16895,1
16902,1
16909,1
16935,1
16938,2
16943,2
16946,1
16949,2
16950,1
16951,1
16967,8
16977,1
16973,2
16992,2
17001,2
17005,1
17017,2
17019,1
17021,1
17026,8
17054,3
17079,4
17093,22
17100,2
17105,2
17120,1
17125,1
17132,1
17138,2
17144,6
17145,2
17146,1
17158,1
17178,1
17181,6
17193,1
17195,1
17200,1
17202,9
17204,2
17205,1
17207,1
17212,2
17223,1
17228,3
17239,1
17241,2
17246,1
17247,1
17249,2
17250,1
17284,4
17288,1
17304,1
17305,1
17325,1
17326,1
17339,1
17344,2
17350,1
17356,1
17366,1
17369,4
17371,2
17381,1
17383,1
17394,3
17408,1
17415,2
17428,1
17431,1
17445,1
17447,4
17448,3
17449,1
17454,2
17460,1
17474,1
17476,2
17478,1
17516,1
17532,14
17537,1
17538,2
17541,2
17543,2
17556,2
17531,4
17559,2
17561,1
17572,1
17577,4
17563,1
17578,1
17591,3
17600,1
17607,1
17612,2
17617,9
17623,26
17646,3
17647,1
17648,1
17650,2
17653,4
17654,1
17659,9
17660,2
17665,3
17668,3
17669,2
17670,2
17680,1
17700,1
17725,1
17739,1
17745,1
17750,5
17759,1
17776,2
17794,2
17802,1
17804,2
17806,1
17821,2
17824,1
17830,1
17838,2
17839,1
17842,40
17845,1
17854,11
17858,4
17862,1
17872,1
17882,1
17888,1
17893,2
17901,2
17902,3
17906,1
17925,1
17930,1
17935,3
17936,2
17954,1
17974,1
17976,6
17981,4
18002,1
18003,1
18004,1
18006,1
18012,2
18013,1
18014,2
18022,2
18031,13
18050,1
18051,1
18052,6
18092,5
18098,12
18101,2
18105,14
18106,7
18115,2
18124,38
18128,1
18133,44
18137,1
18141,3
18146,20
18150,1
18159,2
18167,10
18169,15
18171,48
18176,1
18190,5
18202,6
18207,3
18216,7
18219,3
18225,6
18228,1
18274,1
18276,8
18277,1
18285,1
18294,2
18296,3
18298,1
18303,1
18311,2
18315,14
18324,2
18325,1
18336,2
18344,2
18346,2
18347,2
18353,1
18368,2
18380,3
18390,7
18399,1
18401,1
18405,21
18406,4
18408,2
18409,4
18414,4
18415,9
18417,9
18419,1
18421,2
18427,2
18433,9
18446,7
18448,1
18455,12
18463,1
18477,2
18479,1
18498,1
19168,2
18504,1
18508,1
18512,6
18516,2
18521,1
18532,1
18537,2
18541,1
18546,2
18550,4
18553,1
18554,1
18555,1
18563,7
18581,4
18612,1
18633,1
18637,4
18639,1
18640,6
18663,8
18679,2
18686,7
18688,1
18689,1
18692,3
18697,1
18699,1
18708,24
18713,3
18718,1
18719,1
18722,1
18740,1
18743,13
18745,1
18757,2
18762,1
18771,1
18804,1
18805,2
18814,2
18821,4
18824,6
18831,1
18843,6
18861,1
18865,2
18874,1
18884,2
18938,15
18949,1
18950,1
18951,2
18969,1
18974,3
18992,1
18998,7
19001,2
19002,2
19003,1
19013,2
19016,2
19023,1
19025,2
19026,2
19031,2
19044,1
19051,2
19053,8
19054,2
19058,2
19062,1
19064,2
19116,2
19123,2
19126,1
19176,2
19180,1
19206,1
19215,6
19231,2
19252,16
19257,1
19274,2
19277,36
19282,4
19311,2
19363,16
19364,1
19367,14
19365,1
19385,1
19392,2
19394,1
19402,2
19419,12
19429,1
19434,1
19447,3
19448,1
19451,2
19461,1
19466,1
19471,3
19474,1
19518,4
19520,1
19527,5
19551,1
19552,6
19553,3
19556,1
19557,1
19587,2
19616,2
19619,4
19622,1
19623,3
19643,1
19650,9
19654,2
19661,8
19672,1
19673,2
19675,1
19691,2
19697,26
19699,2
19725,4
19736,1
19746,4
19747,1
19748,2
19749,1
19757,2
19762,1
19778,1
19789,1
19793,3
19794,14
19797,2
19804,28
19805,1
19809,20
19811,2
19819,2
19829,1
19841,1
19852,6
19867,1
19870,1
19876,1
19882,44
19883,1
19888,2
19891,1
19895,1
19903,2
19904,3
19940,1
19941,2
19947,14
19949,14
19959,8
19968,2
19971,4
19975,1
19978,3
19986,1
19990,1
19993,1
20000,2
20006,1
20010,2
20012,4
20014,2
20029,1
20032,1
20033,2
20036,1
20045,2
20065,1
20066,2
20074,4
20077,11
20079,1
20080,1
20099,2
20104,3
20109,2
20121,2
20125,1
20127,4
20159,4
20162,1
20169,6
20330,1
20332,14
20334,1
20347,1
20352,3
20362,1
20369,1
20371,1
20376,2
20388,1
20417,1
20424,1
20425,5
20437,3
20451,2
20456,1
20457,1
20460,1
20463,2
20494,6
20503,1
20518,1
20529,1
20530,2
20540,1
20546,1
20564,3
20578,1
20584,1
20587,3
20591,2
20592,2
20602,1
20603,1
20604,2
20617,1
20618,1
20619,10
20633,1
20645,2
20652,1
20655,1
20660,1
20663,1
20668,1
20676,1
20710,13
20715,1
20716,1
20725,1
20731,1
20733,2
20739,1
20751,1
20769,2
20774,1
20792,4
20799,1
20801,1
20804,2
20827,1
20839,8
20848,1
20862,2
20873,2
20896,3
20897,8
20900,2
20918,1
20927,1
20931,1
20939,1
20970,1
20973,8
20978,1
20980,1
20982,1
20983,1
20995,2
21009,1
21014,3
21019,1
21020,3
21029,2
21035,2
21040,2
21045,1
21059,1
21085,1
21098,3
21106,1
21127,1
21141,1
21142,1
21147,1
21149,1
21170,1
21178,3
21187,3
21194,1
21195,1
21208,1
21216,1
21222,1
21303,2
21317,5
21335,1
21338,1
21377,1
21385,1
21397,2
21404,1
21406,1
21427,1
21431,1
21433,6
21438,4
21444,1
21465,3
21467,2
21486,8
21492,1
21499,3
21502,1
21505,6
21513,2
21528,1
21529,1
21535,1
21538,1
50779,1
21544,4
21552,1
21553,1
21554,1
21565,1
21568,5
21576,1
21580,1
21589,2
21594,20
21595,10
21596,15
21605,4
21607,2
21609,1
21617,2
21618,1
21619,1
21639,3
21650,1
21651,1
21661,1
21664,3
21677,1
21682,33
21692,2
21700,1
21707,8
21709,1
21712,2
21711,2
21713,1
21714,2
21715,1
21758,1
21759,1
21760,1
21763,2
21767,2
21792,1
21817,2
21826,2
21845,1
21854,1
21873,18
21888,1
21930,1
21937,1
21941,1
21943,1
21966,2
21988,1
21999,15
22007,9
22014,1
22020,1
22023,2
22025,1
22032,1
22046,2
22056,2
22058,1
22059,2
22080,1
22085,1
22118,2
22124,1
22129,2
22133,1
22137,1
22146,2
22148,13
22158,3
22161,1
22172,1
22198,1
22204,5
22218,6
22219,2
22221,5
22223,2
22247,1
22260,1
22261,1
22263,2
22272,1
22274,2
22281,2
22282,1
22289,7
22297,1
22309,3
22320,5
22332,10
22336,2
22338,1
22348,1
22353,2
22356,2
22362,5
22374,4
22384,1
22386,15
22396,2
22400,1
22402,3
22416,1
22422,5
22436,6
22440,1
22441,1
22454,1
22458,1
22470,7
22497,6
22507,1
22514,7
22529,4
22544,1
22561,2
22570,6
22612,1
22615,1
22631,1
22636,2
22642,1
22644,1
22652,1
22655,6
22661,2
22666,2
22667,1
22668,2
22675,2
22682,2
22683,4
22692,1
22695,1
22704,36
22707,3
22711,10
22726,1
22743,3
22747,4
22762,2
22768,1
22769,1
22780,14
22793,7
22794,1
22800,5
22825,1
22831,10
22845,1
22870,4
22881,1
22900,2
22902,1
22903,1
22905,4
22909,2
22934,1
22941,6
22955,2
22959,1
22966,1
22970,2
22989,2
23012,1
23016,7
23021,1
23022,1
23026,1
23031,22
23047,2
23054,1
23081,1
23087,4
23088,1
23091,4
23104,6
23106,1
23110,2
23115,2
23117,2
23119,1
23127,2
23129,3
23135,2
23137,1
23147,2
23156,2
23166,4
23169,1
23171,1
23180,1
23182,1
23199,10
23204,1
23210,4
23227,1
23250,2
23256,3
23261,1
23265,1
23269,1
23300,1
23302,1
23308,1
23320,2
23321,1
23332,4
23333,1
23340,1
23347,2
23362,2
23375,6
23379,1
23381,4
23384,1
23391,2
23415,2
23418,1
23424,1
23447,2
23461,23
23465,2
23473,1
23478,2
23480,1
23481,2
23491,17
23497,1
23498,1
23508,4
23510,1
23516,2
23525,6
23527,9
23530,1
23531,2
23540,2
23559,2
23570,10
23571,1
23584,2
23596,2
23615,2
23636,1
23644,1
23656,2
23661,7
23663,1
23668,3
23680,2
23683,3
23688,4
23691,2
23700,16
23706,2
23718,1
23724,2
23740,1
23753,1
23754,1
23755,1
23759,1
23762,7
23772,1
23774,2
23784,2
23802,1
23803,2
23808,4
23811,2
23823,1
23825,4
23826,1
23828,12
23832,1
23836,2
23841,2
23853,1
23857,2
23872,1
23878,1
23885,1
23899,2
23911,8
23916,2
23917,2
23938,1
23939,1
23940,2
23949,1
23950,1
23952,1
23953,1
23957,1
23959,2
23968,6
23970,1
23976,2
23986,2
23991,1
23992,1
23993,1
23995,1
24000,1
24001,1
24007,3
24012,3
24016,2
24027,2
24032,1
24050,1
24053,1
24057,1
24063,8
24064,4
24076,1
24079,1
24080,1
24083,1
24085,1
24101,2
24103,8
24109,2
24114,4
24123,6
24142,1
24146,1
24148,1
24152,1
24157,2
24176,8
24195,1
24209,5
24221,3
24224,1
24226,8
24227,1
24230,2
24234,6
24272,1
24278,1
24297,2
24316,1
24346,1
24348,1
24354,1
24365,2
24372,1
24400,1
24407,1
24420,1
24424,1
24479,1
24484,3
24503,5
24518,1
24562,1
24564,2
24565,2
24582,1
24586,2
24590,10
24605,12
24607,2
24614,1
24621,37
24625,4
24626,2
24629,2
24641,8
24642,1
24647,1
24648,1
24666,34
24669,1
24680,1
24681,13
24686,6
24690,2
24699,2
24702,36
24703,2
24704,2
24708,1
24715,2
24719,11
24720,2
24727,2
24732,3
24736,1
24738,7
24754,1
24755,10
24758,1
24759,1
24764,5
24769,1
24776,1
24782,1
24793,2
24797,1
24799,2
24806,2
24811,12
24821,3
24824,1
24839,14
24841,2
24851,1
24859,1
24877,2
24896,1
24904,9
24907,1
24909,1
24910,4
24911,10
24914,1
24917,2
24926,1
24937,1
24938,3
24943,1
24949,5
24954,1
24963,1
24964,1
24965,2
24979,1
24981,1
24983,28
24987,1
24996,10
25001,1
25002,2
25006,4
25024,1
25049,1
25070,3
25079,1
25081,1
25091,12
25092,2
25093,2
25096,3
25099,19
25123,12
25164,2
25171,7
25214,1
25224,7
25229,26
25230,1
25238,4
25247,4
25248,1
25255,1
25274,2
25280,1
25289,1
25303,5
25304,4
25306,1
25311,8
25315,1
25321,1
25325,3
25337,3
25339,1
25346,2
25398,1
25401,2
25408,1
25414,1
25420,1
25425,4
25426,1
25432,1
25450,1
25458,2
25461,1
25466,4
25467,1
25485,2
25491,6
25499,1
25500,1
25501,1
25507,1
25519,1
25523,1
25525,5
25546,2
25547,10
25549,14
25568,1
25574,1
25577,2
25593,2
25608,3
25609,3
25615,2
25620,2
25625,1
25626,1
25628,15
25629,7
25633,2
25641,1
25642,2
25657,1
25665,2
25666,4
25667,8
25674,5
25681,1
25689,6
25701,1
25702,1
25706,1
25709,1
25717,1
25744,1
25767,2
25776,2
25785,1
25793,2
25795,2
25806,1
25815,1
25847,2
25848,2
25877,1
25878,1
25880,1
25941,2
25956,1
25958,4
25977,2
25979,1
25987,2
26012,3
26023,2
26044,1
26047,2
26055,1
26095,1
26101,1
26102,1
26111,1
26113,3
26148,1
26150,1
26177,6
26183,10
26188,12
26192,2
26202,1
26205,1
26206,2
26236,2
26269,1
26270,1
26271,1
26272,2
26273,2
26289,1
26293,2
26304,1
26314,1
26324,1
26325,1
26337,3
26358,1
26367,1
26370,2
26379,1
26381,2
26392,1
26409,1
26410,1
26419,2
26427,2
26429,9
26436,4
26437,7
26448,1
26450,1
26455,1
26457,2
26468,2
26469,2
26470,22
26472,1
26483,2
26485,2
26490,5
26491,3
26497,3
26502,1
26504,1
26505,2
26519,1
26532,1
26534,2
26538,5
26547,5
26549,1
26550,1
26564,38
26573,27
26578,1
35300,2
26614,12
26621,2
26630,1
26638,7
26642,1
26644,2
26653,10
26661,1
26664,4
26688,2
26689,1
26704,48
26706,12
26719,2
26722,1
26726,4
26764,2
26774,1
26779,1
26782,18
26808,25
26810,1
26812,3
26828,23
26833,2
26866,1
26869,1
26875,1
26889,1
26890,1
26891,2
26893,1
26898,2
26917,1
26919,4
26944,2
19890,2
26953,45
26955,16
26958,2
26969,7
26971,5
26972,5
26975,7
26983,18
26992,8
26996,1
27012,4
27013,2
27014,2
27020,1
14994,2
27030,2
27031,12
27034,2
27036,14
27051,1
27054,1
27056,10
27068,2
27069,2
27075,5
27084,1
27088,2
27091,6
27096,3
27110,1
27114,2
27122,2
27128,1
27134,3
27142,15
27148,3
27158,8
27162,1
27178,8
27180,15
27188,2
27195,2
27196,2
27205,1
27213,4
27224,1
27234,1
27237,1
27273,3
27277,9
27287,2
27291,1
27295,2
27329,2
27331,3
27337,1
27350,2
27358,9
27361,5
27363,2
27366,2
27378,4
27382,1
27396,2
27402,1
27406,2
27420,2
27430,7
27434,5
27469,1
27470,1
27477,2
27485,1
27489,2
27503,1
27515,2
27522,2
27533,1
27543,2
27550,1
27553,2
27567,1
27568,1
27587,1
27601,2
27602,1
27621,3
27629,2
27637,1
27640,1
27643,3
27646,1
27649,1
27652,1
27657,6
27659,4
27664,3
27667,1
27671,3
27684,3
27687,4
27697,1
27699,3
27703,3
27710,3
27720,1
27725,4
27733,2
27739,1
27753,1
27772,2
27775,1
27796,1
27818,6
27872,4
27885,2
27941,1
27963,1
27964,2
27969,2
35273,2
28003,2
28008,2
28009,1
28029,1
35253,2
35207,2
28050,8
28062,1
28071,1
28074,2
28075,1
28078,1
28106,1
28130,1
28157,1
28161,1
28171,2
28173,2
28185,3
28203,1
28210,1
28221,2
28227,3
28229,14
28248,4
28253,1
28255,2
28259,1
28284,1
28287,1
28292,10
28325,1
28339,1
28340,1
28363,2
28365,1
28378,1
28386,2
28398,3
28401,1
28407,7
28409,2
28417,1
28418,1
28419,1
28424,1
28427,3
28428,3
28495,1
28497,2
28515,2
28523,1
28525,2
28529,1
28537,1
28540,1
28564,2
28571,2
28583,2
28596,1
28614,3
28627,2
28647,2
28652,4
28666,1
28692,1
28714,1
28715,1
28724,1
28730,2
28731,1
28736,1
28759,5
28761,3
28762,1
28766,1
28786,2
28801,2
28802,2
28809,1
28824,2
28829,1
28856,1
28860,1
28874,3
28877,2
28879,4
28884,1
28887,2
28895,6
28907,13
28908,1
28922,3
28923,3
28941,1
28944,2
28981,1
29022,1
29026,8
29030,3
29039,4
29055,24
29058,10
29061,4
29062,5
29083,16
29088,1
29091,1
29135,2
29136,2
29150,5
29153,2
29156,1
29159,2
29167,2
29170,1
29171,1
29182,1
29186,8
29189,3
29199,2
29205,4
29210,3
29212,1
29214,1
29226,1
29228,1
29233,1
29242,6
29247,1
29260,9
29261,17
29277,1
29280,1
29282,1
29283,1
29288,2
29303,30
29327,1
29330,1
29332,1
29340,2
29350,1
29356,1
29376,1
29399,1
29401,1
29415,2
29416,2
29444,2
29447,1
29461,2
29470,2
29483,4
29491,2
29495,1
29508,1
29513,2
29524,4
29539,2
29543,2
29546,2
29555,1
29560,1
29563,1
29565,7
35354,1
29575,2
29592,1
29598,2
29620,1
29626,2
29627,2
29630,2
29631,2
29635,1
29643,1
29644,3
29647,2
29652,2
29666,1
29679,1
29686,1
29689,1
29691,1
29698,1
29706,1
29717,1
29718,1
29740,2
29759,2
29761,1
29768,5
29771,1
29775,2
29776,1
29792,1
29793,3
29802,1
29810,1
29813,14
29821,1
29823,2
29845,2
29846,1
29847,2
29848,1
29849,1
29857,1
29858,1
29879,3
29889,8
29894,8
29901,1
29904,1
29911,1
29913,10
29921,1
29926,1
29943,1
29950,4
29957,1
29959,1
29962,1
29963,5
29969,2
29972,3
29976,2
29979,1
29984,10
29990,1
29994,4
29996,2
30006,1
30018,1
30029,2
30044,1
30047,2
30060,4
30063,2
30067,2
30073,3
30074,1
30099,2
30101,5
30105,1
30117,4
30124,1
30126,2
30145,2
30151,2
30159,20
30166,2
30169,1
30180,1
30185,1
30190,2
30191,1
30195,2
30199,1
30200,1
30209,1
30210,14
30216,3
30226,14
30241,1
30244,5
30256,1
30257,1
30258,1
30269,1
30272,6
30283,1
30299,2
30301,2
30315,1
30319,2
30321,2
30341,1
30345,1
30347,2
30351,3
30353,2
30370,1
30371,48
30372,1
30375,2
30388,7
30400,12
30406,2
30438,2
30487,2
30491,1
30508,2
30538,1
30556,2
30561,5
30562,1
30563,4
30564,2
30573,7
30579,1
30580,2
30582,5
30607,1
30608,1
30615,2
30645,1
30694,1
30696,1
30698,1
30704,2
30709,1
30716,2
30760,3
30772,1
30786,7
30789,17
30800,10
30804,1
30816,12
30819,14
30825,2
30827,1
30828,2
30829,1
30837,1
30850,1
30867,2
30877,1
30879,1
30880,2
30908,6
30961,2
30977,2
30978,1
30984,8
30986,2
27826,2
31047,1
31071,1
31151,10
31210,3
31217,6
31238,1
31241,1
31264,2
31269,1
31270,1
31272,1
31275,26
31277,1
31278,1
31284,2
31316,3
31328,2
31334,9
31358,6
31359,1
31365,22
31374,1
31378,16
31379,22
31382,50
31386,48
31388,3
31398,16
31405,12
31409,1
31414,1
31415,7
31420,2
31421,1
31423,1
31424,2
31427,1
31436,3
31448,5
31467,2
31482,2
31485,2
31486,2
31488,2
31527,1
31533,2
31535,7
31546,1
31548,1
31550,2
31551,2
31553,2
31556,1
31563,7
31573,1
31574,1
31584,1
31597,12
31598,16
31613,2
31618,1
31634,14
31640,8
31647,10
31649,2
31654,14
31674,1
31675,1
31714,2
31720,13
31721,3
31723,1
31737,1
31740,1
31741,2
31750,2
31762,1
31763,1
31765,2
31767,1
31780,1
31788,1
31792,1
31807,2
31808,2
31811,3
31854,1
31859,4
31875,1
31882,1
31885,4
31896,80
31900,4
31902,4
31910,2
31934,1
31941,1
31945,4
31948,1
31968,4
31970,3
31971,2
31978,1
31993,5
31995,5
31997,1
32026,3
32045,3
32066,1
32094,1
32097,3
32123,3
32181,7
32190,1
22026,1
32197,5
32202,3
32208,1
32212,2
32213,5
32231,1
32232,10
32233,2
32235,1
32244,1
32247,7
32252,4
32260,1
32266,2
32268,1
32270,2
32276,1
32298,1
32300,1
32308,2
32316,1
32338,2
32341,1
32343,1
32355,2
32362,2
32372,1
32388,1
32402,1
32403,1
32404,2
32408,1
32410,1
32412,2
32417,1
32420,1
32422,1
32425,2
32443,1
32461,1
32471,2
32478,4
32509,2
32528,2
32544,3
32553,14
32559,1
32560,1
32571,2
32574,1
32584,1
32592,9
32596,4
32599,4
32602,1
32605,2
32606,1
32610,1
32628,6
32639,1
32667,2
32670,2
32671,2
60141,4
32696,3
32698,2
32700,6
32701,1
32706,3
32703,8
32715,1
32722,1
32729,1
32738,1
32746,1
32748,1
32750,5
32757,0
32763,3
32781,1
32782,4
32783,8
32794,2
32805,1
32811,2
32812,1
32821,1
32823,2
32828,1
32829,1
32832,14
32839,1
32842,2
32856,7
32857,1
32861,2
32865,1
32868,4
32874,1
32869,5
32877,15
32876,1
32900,2
32908,2
32912,3
32913,3
32922,7
32920,1
32935,1
32937,1
32940,1
26348,1
32955,1
32987,1
32992,1
32994,1
33021,1
33048,1
33066,3
33080,8
33088,1
33100,1
33102,2
33112,1
33113,4
33129,1
33140,14
33158,1
33200,1
33204,1
33205,2
33215,1
33220,1
33222,16
33231,1
33235,5
33238,2
33254,1
33257,1
33258,3
33264,4
33266,3
33273,2
33275,1
33283,1
33286,1
33289,1
33304,2
33306,1
33308,2
33310,2
33326,2
33328,1
33330,2
33331,3
33344,1
33345,1
33348,1
33349,1
33360,1
33363,3
33375,1
33392,1
33396,1
33397,2
33400,2
33424,1
33426,7
33427,2
33431,1
33433,1
33438,1
33454,1
33461,1
33464,1
33465,28
33490,2
33495,12
33504,1
33507,1
33508,11
33510,1
33515,1
33517,1
33520,1
33523,3
33530,2
33532,1
33534,4
33536,5
33552,2
33553,1
33555,1
33556,1
33560,13
33562,1
65927,1
33577,1
33584,1
33585,1
33586,6
33593,1
33594,1
33603,1
33613,2
33617,2
33624,1
33630,7
33647,1
33648,1
33653,7
33654,8
33655,8
33660,19
33664,1
33665,1
33668,2
33673,1
33678,3
33684,2
33694,1
33695,2
33702,1
33704,1
33710,1
33716,2
33717,1
33727,4
33734,1
33736,3
33737,1
33739,2
33748,1
33750,3
33768,1
33772,4
33776,1
33778,3
33794,4
33799,2
33800,2
33817,12
33827,1
33830,1
33831,6
33838,1
33885,1
33890,1
33892,2
33896,1
33907,6
33915,1
33943,1
33945,13
33962,16
33965,1
33973,1
33974,23
33981,2
33982,1
33985,1
33987,1
33992,3
33996,5
34009,1
34017,1
34035,14
34040,20
34041,1
34042,2
34059,1
34088,2
34095,1
34118,1
34125,1
34131,2
34147,1
34160,1
34167,12
34168,1
34176,2
34184,1
34196,16
34203,1
34207,1
34208,2
34215,14
34223,12
34235,2
34241,4
34242,12
34247,3
34254,4
34260,2
34261,7
34266,6
34274,1
34284,2
34287,27
34304,2
34307,2
34325,5
34332,1
34333,2
34337,2
34347,2
34352,3
34357,1
34361,1
34367,1
34369,2
34370,2
34380,1
34381,1
34386,2
34387,1
34409,16
34414,9
34416,1
34419,36
34421,2
34423,10
34425,1
34426,50
34431,11
34432,2
34438,3
34450,1
34460,2
34461,1
34471,1
34473,1
84441,3
34475,1
34476,6
34478,3
34479,3
34481,3
34484,2
34501,1
34502,3
34503,6
34505,1
34510,1
34514,1
34518,2
34519,8
34524,50
34533,2
34535,1
34536,6
34537,6
34545,1
34546,9
34547,1
34566,11
34577,1
34578,1
34579,2
34581,2
34585,2
34609,1
34612,1
34618,2
34621,16
34629,9
34646,1
34647,1
34650,1
34652,4
34653,3
34661,1
34663,1
34673,2
34680,6
34688,5
34689,1
34707,2
34712,1
34713,14
34718,16
34720,1
34725,1
34737,15
34738,5
34744,5
34749,1
34759,2
34761,1
34767,1
34772,4
34792,6
34795,2
34809,4
34818,5
34820,10
34829,3
34862,1
34866,7
34871,1
34877,2
34891,1
34894,4
34896,1
34909,2
8045,20
34922,1
34929,1
34935,1
34938,1
34947,1
34957,2
34977,1
35001,5
35006,1
35010,1
35021,1
35032,2
35033,5
35037,1
34665,2
35043,1
35053,1
35061,1
35064,1
33979,12
35092,1
35105,1
35108,2
35126,2
31308,8
35159,2
28485,14
34019,2
35378,1
35380,2
35382,2
35394,1
35395,3
35405,1
35432,4
35442,2
35444,1
35455,1
35468,15
35509,1
35527,14
35542,1
35553,3
35583,2
35595,10
35640,1
35651,1
35655,3
35666,1
35687,1
35690,2
35709,1
35712,2
35714,6
35726,1
35730,1
35749,2
35751,2
35760,9
35790,1
35796,1
35808,1
35809,1
35820,1
35826,1
35828,2
35844,8
35850,60
35853,5
33137,4
27862,4
30002,12
35861,1
35867,3
35868,1
35873,7
35876,1
35879,4
35892,1
35897,2
35898,2
35913,2
35916,1
35917,1
35928,20
35929,5
35934,1
35945,3
35949,2
35966,3
35967,4
35977,1
35990,1
35994,2
35998,4
35999,2
36004,60
36006,2
36020,2
36030,1
36032,12
36038,5
36039,1
36057,5
36067,6
36070,1
36082,9
36083,7
36086,1
36087,1
36089,1
36106,24
36123,1
36124,2
36133,1
36137,1
36141,1
36145,4
36147,3
36153,6
36155,1
36164,1
36197,4
36203,1
36206,35
36216,10
36239,1
36244,1
36281,5
36287,2
36306,1
36315,1
36327,1
36333,4
36357,6
36362,3
36363,2
36365,1
36366,1
36387,1
36392,1
36398,2
36421,2
36437,16
36461,4
36489,1
36495,1
36503,6
36514,2
36516,1
36522,1
36524,1
36527,1
36538,2
36548,12
36557,2
36581,5
36587,3
36589,2
36609,1
36612,8
36625,1
36626,1
36632,1
36648,1
36671,3
36673,1
36674,1
36676,2
36679,1
36680,2
36694,1
36708,1
36709,3
36722,7
36727,1
36735,2
36740,1
36748,1
36761,1
36771,1
36805,1
36811,1
36815,1
36816,1
36821,1
36822,1
36823,1
36827,3
36833,2
36835,5
36852,1
36855,8
36857,2
36870,1
36875,3
36889,3
36891,2
36893,1
36894,2
36895,6
36896,1
36897,3
36898,3
36903,1
36904,1
36905,2
36918,9
36922,1
36938,2
36944,1
36951,2
36952,1
36960,2
36971,1
36980,1
37005,1
37012,1
37017,1
37018,12
37025,2
37027,1
37040,8
37054,1
37060,1
37063,2
37075,1
37100,2
37102,3
37106,1
37123,5
37124,1
37127,1
37134,1
37135,1
37136,1
37144,2
37146,2
37152,14
37161,2
37166,1
37178,2
37185,1
37190,1
37192,2
37205,1
37207,2
37216,1
37218,2
37220,8
37227,2
37232,4
37234,2
37249,1
37264,2
37278,1
37288,1
37293,3
37294,3
37308,3
37314,6
37315,1
37322,1
37338,1
37350,2
37370,1
37379,6
37394,1
37395,3
37399,7
37420,1
37434,3
37440,2
37444,1
37445,1
37457,2
37467,4
37471,1
37481,1
37484,2
37516,1
37517,1
37521,1
37529,1
37530,2
37536,1
37540,1
37542,1
37548,2
37549,2
37560,1
37569,5
37572,1
37579,5
37587,5
37594,1
37603,1
37606,1
37612,1
37626,1
37627,1
37628,2
84466,1
37631,1
37654,1
37662,1
37695,9
37697,1
37700,3
37714,2
37724,1
37730,1
37732,3
37733,1
37737,1
37738,1
37739,1
37767,1
37770,1
37774,1
37786,1
37795,1
37814,1
37816,1
37821,1
37822,3
37833,2
37840,2
37841,3
37865,10
37870,1
37871,2
37876,1
37879,1
37881,7
37884,1
37889,1
37907,1
37915,1
37934,1
37936,1
37949,1
37950,2
37951,1
37958,4
37959,1
37960,1
37967,2
37984,1
38004,1
38006,4
38039,1
38048,2
38069,1
38075,1
38080,1
38082,2
38091,2
38092,4
38093,1
38095,2
38121,1
38124,1
38125,1
38137,1
38138,6
38144,13
38158,4
38167,2
38174,3
38176,5
38184,1
38197,4
38198,3
38199,1
38201,13
38205,1
38206,1
38208,1
38211,2
38212,10
38213,1
38235,1
38236,2
38241,1
38245,1
38246,8
38249,1
38264,1
38271,4
38278,1
38285,4
38286,2
38293,1
38295,1
38298,1
38303,1
38304,3
38310,2
38313,1
38314,6
38317,9
38318,3
38336,4
38352,1
38353,1
38355,2
38356,1
38365,1
38372,1
38373,1
38377,9
38378,1
38386,1
38406,1
38408,12
38411,1
38415,1
38418,1
38421,1
38432,2
38439,1
38454,3
38457,1
38465,1
38473,1
38474,2
38477,2
38480,6
38498,1
38499,1
38502,2
38504,1
38505,5
38506,2
38514,7
38517,3
38519,1
38520,1
38528,2
38531,1
38535,2
38537,1
38542,1
38543,1
38551,3
38560,2
38561,1
38572,8
38575,2
38640,1
38672,1
38673,2
38675,1
38700,1
38702,2
38722,2
38725,1
38727,1
38736,2
38761,2
38767,2
38779,4
38782,6
38783,1
38784,16
38794,1
38810,1
38824,1
38834,3
38836,3
38842,1
38844,2
38849,1
38850,1
38853,3
38875,3
38880,1
38883,1
38890,2
38894,2
38895,1
38897,4
38910,1
38918,2
38919,1
38924,2
38940,1
38941,2
38943,3
38946,1
38953,1
38958,15
38967,12
38973,2
38976,4
38984,1
39027,24
39028,16
39030,1
39037,2
39043,3
39059,6
39067,2
39068,1
39076,1
39078,3
39096,4
39099,7
39102,1
39108,1
39120,2
39131,1
39132,1
39138,1
39170,1
39169,7
39178,1
39180,1
39181,1
39184,1
39185,1
39208,1
39211,2
39217,1
84497,14
39225,1
39233,2
39238,2
39255,1
39274,1
39284,1
39286,2
39289,1
39290,1
39293,3
39299,1
39313,1
39319,1
39320,4
39324,1
39326,1
39327,2
39334,2
39343,40
39346,14
39352,1
39356,40
39377,6
39391,1
39410,2
39411,1
39412,1
39415,4
39419,3
39420,4
39426,1
39428,1
39432,1
39434,2
39450,1
39451,1
39453,8
39454,6
39461,2
39475,2
39477,1
39478,2
39483,1
39486,4
39488,13
39542,2
39548,1
39553,2
39571,1
39574,50
39575,8
39581,3
39588,2
39594,1
39596,1
39598,1
39603,2
39605,1
39611,2
39612,1
39614,1
39616,1
39628,1
39632,8
39635,2
39646,1
39648,2
39649,2
39654,1
39658,1
39664,2
39672,3
39682,10
39685,12
39689,1
39712,1
39764,1
39772,13
39773,2
39778,2
39798,11
39805,1
39813,1
39815,1
39820,1
39824,1
39833,3
39834,6
39841,1
39851,2
39854,2
39855,2
39858,6
39866,1
39889,1
39904,1
25040,1
39924,2
39925,1
39927,2
39932,1
39953,1
39956,1
39958,1
39966,1
39991,4
39995,1
40018,2
40019,2
40030,1
40043,1
40045,1
28119,1
28127,1
30377,1
30469,1
30661,2
30671,1
30674,1
30748,1
30778,1
30905,2
30922,2
30923,1
30930,1
30932,3
30947,2
30958,1
40152,5
40170,4
40184,1
40192,1
31088,1
40212,2
40213,2
40214,1
40218,1
40245,1
40250,5
40272,1
40275,2
40280,1
40297,1
40307,1
40316,6
40321,1
40325,4
40369,1
40377,3
40394,1
40397,1
40398,1
40403,1
40427,2
40428,1
40443,1
40445,1
40459,2
31140,1
31143,2
31147,1
31157,3
31287,1
40471,2
40473,2
40483,1
40492,1
40493,2
40499,3
40500,2
40523,3
40526,3
40531,1
40532,1
40538,1
40544,2
40547,2
40557,2
40576,1
40578,2
40587,2
40590,1
40596,7
40605,1
40625,1
40627,1
40631,1
40649,1
40654,2
40678,1
40681,1
40684,8
40687,1
40691,1
40693,1
40706,1
40721,1
40725,2
40732,1
40735,1
40764,1
40766,1
40768,2
40773,2
40780,1
40786,1
40790,1
40804,1
40815,1
40817,1
40818,2
40820,1
40837,1
40850,2
40861,1
40871,2
40884,13
40902,18
40912,2
40951,1
40961,4
40966,1
40971,1
40978,1
40981,1
40986,3
40987,3
40989,4
40991,1
41008,1
41011,3
41045,1
41067,1
41068,1
41075,1
41078,1
41106,1
41114,2
41120,1
41124,1
41127,1
41143,1
41145,2
41159,10
41178,1
41196,1
41222,1
41225,1
41228,2
41244,1
41245,1
41269,1
41292,1
41298,1
41300,1
41304,1
41318,3
41321,1
41325,1
41332,2
41337,2
41366,1
41367,1
41373,2
41385,2
41394,1
41404,2
41412,1
41420,2
41433,1
41442,2
41445,4
41454,1
41463,13
41465,1
41468,1
41474,3
41475,1
41477,1
41480,2
41481,12
41482,3
41490,7
41501,1
41505,1
41508,4
41514,1
41519,6
41521,2
41522,5
41524,1
41529,1
41540,1
41548,2
41552,2
41553,1
41558,1
41566,14
41570,2
41572,2
41574,1
41578,2
41579,1
41580,6
41591,1
41607,3
41608,1
41612,2
41613,1
41614,36
41616,9
41621,4
41623,2
41640,1
41659,1
41660,1
41667,4
41682,1
41683,2
41686,2
41705,1
41715,1
41718,1
41729,1
41731,2
41733,1
41736,1
41737,1
41738,1
41743,1
41744,14
41756,12
41762,1
41765,1
41787,1
41794,1
41813,2
41814,2
41817,1
41818,1
41825,1
41839,1
41840,1
41854,2
41857,6
41859,1
41861,1
41866,1
41889,3
41891,1
41897,1
41900,2
41901,1
41902,2
41903,1
41905,1
41909,1
41915,1
41917,2
41926,3
41929,1
41951,1
41959,1
41974,3
41985,3
41991,1
41992,4
42006,2
42010,4
42011,3
42013,9
42022,1
42035,1
42037,1
42041,1
42046,1
42049,1
42060,1
42063,1
42064,2
42075,1
42084,7
42085,12
42091,1
42095,2
42096,1
42097,2
42105,1
42111,3
42113,6
42127,3
42131,9
42149,1
42151,3
42154,7
42158,1
42160,1
42161,9
42162,8
42165,1
42173,1
42192,1
42195,1
42196,6
42199,1
42216,15
42220,1
42221,1
42229,10
42244,1
42260,17
42265,24
42268,1
42273,7
42293,5
42313,2
42317,1
42324,1
42325,6
42326,1
42329,4
42349,1
42352,1
42355,5
42358,4
42370,3
42373,1
42374,36
42375,1
42377,37
42378,7
42379,1
42383,1
42385,6
42387,1
42395,6
42401,2
42419,5
42422,25
42432,1
42433,2
42439,50
42451,1
42459,2
42474,1
42502,1
42508,2
42509,3
42514,10
42515,2
42526,1
42536,2
42548,1
42549,1
42552,8
42553,4
42569,2
42570,1
42584,14
42588,1
42589,4
42590,1
42600,1
42610,1
42614,2
42630,1
42632,2
42633,2
42655,1
42673,1
42674,1
42676,3
42693,1
42694,1
42704,2
42705,1
42710,4
42726,3
42727,2
42733,1
42737,1
42739,1
42748,1
42752,14
42758,2
42789,5
42792,1
42794,1
42800,2
42813,3
42819,9
42820,5
42829,1
42832,1
42865,1
42868,2
42872,2
42874,2
42876,2
42878,1
42879,4
42884,24
42896,2
42904,1
42911,24
42912,2
42919,1
42922,1
42933,1
42935,4
42941,2
42945,8
42953,2
42962,1
42965,5
42968,2
42982,3
42988,1
42994,1
42996,1
43001,11
43006,3
43007,1
43012,1
43019,1
43026,3
43028,2
43053,1
43056,1
43068,3
43069,1
43086,1
43089,1
43094,1
43101,54
43109,56
43126,1
43131,2
43134,2
43149,1
43153,3
43163,2
43164,1
43166,1
43171,1
43173,4
43174,1
43196,1
43197,1
43198,1
43218,9
43221,2
43222,13
43233,4
43235,2
43246,1
43254,1
43256,1
43276,1
43277,2
43284,3
43290,1
43293,1
43302,1
43307,2
43326,2
43353,2
43354,2
43355,2
43357,1
43359,2
43364,1
43376,1
43378,1
43387,2
43393,6
43395,1
43407,1
43408,1
43409,1
43413,1
43417,1
43429,1
43431,1
43434,1
43435,2
43454,2
43456,2
43464,2
43467,1
43473,2
43490,2
43496,6
43497,1
43499,1
43500,3
43501,3
43513,3
43546,2
43549,1
43552,1
43554,1
43563,2
43572,2
43580,1
43584,17
43588,5
43593,1
43601,2
43612,1
43615,1
43622,1
43624,1
43629,1
43633,2
43634,2
43635,1
43636,1
43641,2
43648,2
43652,9
43662,3
43666,2
43673,1
43686,5
43689,2
43690,2
43696,1
43714,1
43716,3
43722,6
43732,1
43735,1
43737,4
43742,2
43756,1
43770,5
43775,1
43778,2
43779,1
43781,4
43784,1
43786,1
43791,1
43823,7
43828,1
43829,1
43837,2
43859,1
43866,3
43879,1
43884,2
43890,1
43891,1
43895,22
43896,1
43905,12
43908,2
43910,2
43912,2
43913,1
43925,20
43926,2
43927,2
43929,12
43933,2
43946,2
43947,8
43959,3
43964,1
43966,2
43973,1
43975,1
43984,1
43985,10
44010,1
44011,1
44016,12
44017,4
44019,10
44026,4
44028,6
44031,12
44033,1
44040,29
44039,2
44053,1
44057,8
44059,18
44081,18
44085,6
44090,1
44093,7
44098,2
44099,4
44106,1
44109,1
44124,3
44126,19
44127,46
44147,1
44149,22
44150,1
44156,3
44159,2
44168,1
44169,13
44172,1
44173,2
44174,3
44176,2
44200,9
44210,2
44211,1
44213,2
44215,4
44224,2
44225,2
44228,1
44232,1
44237,3
44239,2
44254,1
44256,2
44257,10
44268,5
44278,3
44280,2
44290,2
44292,1
44293,2
44296,15
44306,4
44318,1
44327,7
44345,1
44349,6
44351,12
44352,1
44358,6
44360,1
44366,2
44378,1
44379,2
44388,1
44403,20
44406,1
44412,2
44420,12
44421,1
44435,2
44450,2
44458,2
44478,5
44492,2
44523,1
44535,1
44536,3
44540,1
44547,1
44552,1
44555,1
44561,2
44582,1
44583,3
44591,1
44592,1
44596,1
44597,1
44600,4
44603,2
44609,2
44612,1
44622,1
44623,1
44625,2
44631,4
44642,14
44649,1
44652,1
44662,1
44667,1
44677,2
44678,2
44698,1
44701,1
44702,1
44709,1
44711,1
44713,2
44721,1
44723,1
44746,2
44747,1
44748,1
44752,4
44758,1
44760,1
44762,1
44779,1
44781,1
44786,1
44787,2
44793,1
44807,1
44811,1
44823,1
44831,1
44837,1
44840,1
44842,1
44844,2
44846,2
44856,1
44890,1
44894,1
44896,1
44903,1
44911,1
44918,2
44923,1
44936,1
44938,6
44939,5
44946,2
44957,1
44969,1
44972,1
44974,5
44983,1
44986,2
44994,1
44995,6
45005,1
45014,13
45017,1
45018,4
45020,1
45032,2
45034,1
45036,1
45038,11
45039,4
45047,8
45052,1
45064,2
45078,1
45081,1
45098,1
45111,1
45128,2
45150,2
45172,1
45179,10
45183,1
45184,1
45195,2
45198,1
45200,2
45225,1
45237,2
45245,4
45258,6
45263,1
45266,1
45280,14
45285,5
45307,2
45309,1
45322,1
45342,7
45399,5
45414,1
45424,1
45426,1
45427,1
45438,5
45439,11
45464,2
45476,2
45479,2
45486,1
45487,1
45488,1
45489,1
45499,5
45506,2
45513,1
45520,2
45521,2
45540,6
45548,8
45549,1
45560,1
45568,1
45595,2
45610,6
45614,2
45621,2
45650,2
45651,2
45653,2
45664,5
45675,2
45678,2
45688,1
45694,1
45695,1
45698,2
45705,1
45706,2
45709,1
45712,2
45714,2
45715,1
45717,3
45718,2
45726,1
45754,2
45760,1
45770,2
45781,1
45782,5
45787,2
45788,14
45791,1
45796,1
45808,1
45809,5
45812,2
45814,1
45819,1
45820,3
45825,11
45828,8
45831,1
45838,3
45855,4
45861,2
45871,2
45873,2
45880,2
45884,1
45887,10
45890,1
45895,1
45899,1
45902,4
45903,12
45923,3
45930,4
45932,3
45933,2
45936,1
45948,1
45954,5
45981,46
45987,2
45988,1
45995,1
46003,1
46005,1
46011,1
46012,1
46015,1
46020,2
46051,1
46056,1
46075,1
46077,10
46084,1
46085,1
46093,1
46104,5
46109,2
46117,1
46120,6
46127,3
46132,1
46133,1
46135,1
46138,16
46144,1
46155,5
46160,2
46171,6
46175,2
46176,1
46186,1
46188,1
46197,1
46200,3
46203,2
46220,1
46226,4
46227,4
46262,2
46277,2
46281,1
46287,2
46289,2
46290,2
46294,2
46300,2
46311,1
46312,1
46316,1
46324,5
46327,2
46331,3
46341,1
46379,2
46390,4
46397,1
46398,4
46423,9
46436,2
46437,2
46440,2
46447,1
46450,3
46458,4
46461,2
46462,8
46470,1
46489,1
46491,3
46498,2
46513,4
46521,1
46540,10
46550,1
46554,1
46568,1
46574,2
46577,2
46592,12
46595,1
46616,1
46628,1
46642,2
46647,4
46656,15
46658,3
46659,1
46674,2
46681,1
46690,3
46691,18
46692,1
46712,1
46746,16
46749,1
46756,4
46762,2
46773,1
46790,2
46795,1
46808,1
46813,4
46830,1
46848,2
46859,6
46864,8
46866,1
46881,1
46885,1
46908,5
46923,1
46935,5
46967,13
46972,1
46990,6
46996,2
47006,16
47022,12
47028,1
47033,1
47034,1
47055,1
47056,2
47057,1
47064,8
47073,1
47078,2
47082,1
47085,1
47102,2
47103,2
47105,4
47133,1
47149,1
47152,2
47153,1
47154,4
47166,2
47169,6
47173,2
47175,2
47176,1
47178,4
47187,6
47189,7
47190,1
47193,8
47194,5
47199,2
47215,1
47229,1
47270,2
47276,2
47285,1
47290,2
47295,21
47298,2
47309,1
47320,6
47322,1
47324,4
47385,15
47387,10
47397,1
47415,2
47428,1
47484,11
47487,1
47499,1
47504,1
47505,9
47508,2
47509,1
47510,5
47519,1
47532,1
47542,13
47554,9
47574,3
47577,6
47585,1
47606,2
47612,2
47628,1
47647,1
47657,2
47667,1
47671,16
47687,3
47691,2
47698,1
47701,7
47718,13
47730,28
47734,1
47736,1
47746,2
47754,1
47758,6
47768,1
47771,1
47777,11
47789,1
47798,1
47803,6
47832,1
47834,1
47837,3
47843,1
47847,1
47862,1
47870,1
47876,1
47885,2
47887,1
47890,1
47891,16
47900,1
47908,2
47951,1
47952,1
47956,2
47963,1
47965,8
47979,1
47983,1
47984,2
47987,2
47988,1
47993,1
48000,1
48020,1
48021,1
48022,1
48025,2
48036,3
48047,1
48050,4
48052,1
48077,12
48081,1
48082,10
48083,8
48084,4
48093,1
48094,20
48101,1
48106,2
48109,1
48117,1
48120,1
48121,1
48126,1
48135,1
48152,6
48160,45
48165,8
48170,16
48171,6
48173,18
48174,8
48176,2
48179,1
48180,2
48183,28
48187,1
48194,7
48199,1
48217,10
48219,2
48223,2
48230,2
48231,2
48237,4
48240,1
48242,1
48244,1
48253,17
48278,2
48280,1
48282,1
48297,9
48305,2
48306,3
48311,11
48317,4
48318,1
48328,2
48335,1
48347,1
48352,2
48353,5
48358,4
48363,2
48365,2
48376,2
48378,3
48387,1
48394,2
48395,3
48422,2
48423,1
48432,8
48438,1
48462,13
48468,3
48470,1
48482,1
48487,1
48488,7
48497,5
48509,1
48515,1
48557,1
48570,2
48573,2
48599,1
48614,1
48625,1
48627,1
48642,1
48659,2
48662,10
48669,3
48670,5
48676,1
48710,1
48713,9
48717,2
48727,2
48728,2
48729,2
48730,1
48744,2
48753,2
48757,2
48765,2
48769,13
48781,1
48786,1
48787,2
48788,2
48794,1
48832,1
48868,2
48932,2
48952,2
48980,1
48981,1
48990,1
48997,1
49013,7
49030,1
49055,1
49063,5
49066,2
49068,1
49076,3
49085,1
49091,2
49131,2
49148,2
49173,2
49198,3
49210,1
49217,1
49218,2
49220,1
49234,4
49244,1
49253,1
49265,1
49282,7
49296,1
49297,2
49305,8
49361,10
49369,2
49371,2
49376,5
49378,1
49386,2
49394,2
49399,1
49402,2
49404,2
49408,2
49411,1
49412,1
49413,4
49415,4
49420,14
49422,1
49424,2
49428,1
49432,2
49437,1
49438,2
49443,1
49444,1
49451,7
49462,2
49464,9
49485,1
49490,10
49492,1
49495,1
49496,4
49498,1
49500,2
49504,2
49506,1
49507,1
49509,2
49524,6
49532,1
49533,1
49536,1
49538,1
49549,2
49564,1
49572,7
49575,1
49580,6
49586,2
49588,1
49593,1
49594,2
49595,3
49597,2
49602,7
49613,2
49616,2
49622,2
49623,1
49629,3
49643,3
49654,1
49667,1
49673,2
49692,4
49693,10
49697,1
49710,5
49713,1
49722,1
49729,1
49731,18
49739,1
49761,2
49766,5
49782,6
49810,3
49812,1
49824,2
49836,1
49848,1
49882,1
49890,7
49917,16
49919,1
49928,2
49929,8
49939,2
49943,2
49956,1
49958,5
49963,3
49964,4
49969,10
49970,18
49972,4
49973,1
49975,1
49976,2
49978,1
49979,1
49980,3
49982,2
49987,10
49989,1
49990,1
49991,10
49998,6
50003,1
50006,1
50009,45
50011,1
50020,7
50025,15
50026,8
50031,2
50033,2
50036,1
50037,2
50038,1
50039,8
50041,4
50045,2
50046,5
50047,5
50051,1
50053,1
50059,1
50060,7
50061,1
50062,1
50063,9
50065,2
50073,1
50085,1
50100,2
50107,1
50110,7
50115,1
50122,2
50126,1
50129,10
50139,1
50141,18
50144,1
50148,1
50155,1
50163,2
50168,2
50169,7
50170,2
50176,2
50188,1
50192,15
50196,6
50205,10
50208,1
50237,1
50248,2
50254,5
50259,45
50278,2
50280,1
50281,1
50284,1
50288,1
50291,2
50316,8
50318,1
50326,22
50333,2
50336,14
50342,2
50343,1
50344,1
50351,10
50354,4
50365,1
50367,2
50368,1
50381,11
50383,7
50389,1
50391,1
50393,1
50396,32
50407,3
50414,2
50415,45
50418,20
50419,48
50421,5
50426,22
50430,2
50432,2
50435,12
50436,3
50437,2
50438,45
50447,5
50455,1
50460,1
50461,1
50483,3
50496,2
50500,1
50503,1
50506,1
50507,1
50516,3
50517,1
50529,6
50534,1
50538,9
50545,1
50558,1
50565,5
50580,19
50585,3
50592,1
50596,2
50597,4
50608,1
50609,10
50612,1
50614,12
50619,1
50638,1
50665,6
50668,5
50673,1
50674,5
50691,7
50715,2
50717,1
50721,2
50734,1
50748,2
50792,1
50798,2
50809,2
50837,8
50846,4
50851,1
50853,1
50889,2
50892,1
50899,1
50901,1
50906,1
50914,2
50917,1
50920,2
50924,2
50926,4
50930,2
50932,3
50936,1
50941,10
50973,1
50976,1
50980,2
51008,1
51009,2
51014,6
51031,1
51033,1
51039,1
51043,1
51051,1
51052,2
51055,5
51061,1
51066,4
51067,6
51088,1
51113,6
51119,2
51124,1
51132,1
51135,2
51136,10
51138,1
51140,1
51142,1
51147,6
51148,22
51167,4
51179,9
51181,1
51192,1
51194,1
51213,12
51217,3
51223,7
51226,1
51230,12
51232,10
51234,16
51235,10
51236,19
51238,17
51241,6
51245,2
51249,1
51272,1
51274,1
51284,1
51285,2
51286,1
51287,1
51299,10
51300,1
51307,6
51312,1
51326,15
51330,10
51331,7
51343,58
51350,11
51353,54
51355,50
51356,8
51360,5
51367,1
51371,1
51380,11
51401,2
51423,1
51432,2
51441,2
51442,1
51443,2
51448,4
51452,1
51455,1
51456,90
51466,2
51483,7
51501,15
51502,3
51505,1
51512,1
51513,2
51514,1
51516,1
51523,1
51527,10
51528,2
51532,1
51533,2
51535,2
51541,1
51554,5
51556,5
51595,2
51624,1
51626,5
51631,1
51640,2
51641,1
51644,1
51649,1
51655,3
51683,5
51771,4
51843,2
51872,2
51892,8
51894,1
51906,2
51915,3
51917,3
51932,8
51940,11
51943,1
51957,1
51958,1
51975,2
51982,1
51983,1
51984,3
51987,2
51995,1
51997,2
52003,2
52011,2
52015,2
52018,2
52024,1
52034,2
52043,1
52055,2
52065,1
52070,2
52074,3
52081,13
52086,2
52088,3
52089,1
52094,1
52097,1
52104,10
52125,6
52142,4
52144,1
52146,1
52147,10
52151,6
52158,1
52164,6
52167,1
52169,2
52171,24
52176,9
52177,2
52178,1
52182,1
52183,1
52196,1
52206,2
52218,7
52233,1
52236,5
52240,1
52247,1
52248,2
52252,5
52264,1
52275,1
52282,4
52294,1
52301,2
52311,17
52328,1
52332,2
52335,1
52337,6
52347,2
52370,2
52382,1
52393,5
52402,1
52403,1
52410,1
52413,11
52417,4
52433,30
52440,1
52452,1
52462,2
52479,1
52500,1
52503,26
52508,2
52511,1
52514,1
52522,1
52535,1
52541,1
52556,1
52558,1
52560,1
52569,1
52589,4
52590,4
52593,2
52599,1
52603,2
52630,3
52631,3
52640,1
52647,2
52662,3
52667,1
52668,2
52674,4
52683,1
52694,2
52696,2
52706,2
52711,1
52716,1
52719,1
52738,1
52743,2
52745,4
52747,1
52748,1
52756,1
52760,3
52762,1
52771,1
52773,1
52795,1
52796,1
52802,3
52804,3
52807,1
52814,1
52815,2
52819,1
52827,5
52830,32
52834,2
52852,1
52858,1
52862,1
52905,2
52917,3
52922,2
52936,1
52937,1
52940,1
52948,3
52950,5
52962,1
52967,1
52970,2
52971,3
52973,2
53001,2
53005,1
53006,1
53007,1
53009,1
53010,1
53018,2
53021,1
53026,1
53033,2
53046,10
53050,1
53053,2
53055,2
53063,3
53064,1
53072,1
53090,1
53106,1
53114,1
53118,1
53122,1
53130,4
53131,6
53136,1
53137,1
53140,1
53143,3
53145,1
53162,1
53180,1
53194,1
53206,1
53207,2
53216,1
53225,6
53229,4
53231,1
53234,1
53239,1
53244,3
53251,1
53252,1
53256,1
53272,1
53275,1
53295,1
53301,1
53303,1
53305,1
53306,1
53323,4
53329,1
53333,1
53346,1
53347,1
53365,1
53377,1
53378,1
53381,1
53386,1
53415,5
53419,2
53426,1
53440,1
53450,3
53461,10
53500,2
53510,1
53530,1
53559,3
53564,1
53579,3
53585,10
53589,1
53590,1
53594,1
53605,1
53608,2
53613,3
53616,1
53617,4
53620,3
53625,5
53626,1
53630,1
53634,6
53637,1
53648,3
53649,1
53670,15
53681,1
53682,1
53686,6
53687,6
53690,2
53695,1
53699,2
53702,14
53706,6
53711,6
53712,7
53718,27
53723,1
53736,6
53745,2
53760,1
53767,1
53771,2
53772,1
53775,6
53776,2
53786,1
53787,1
53791,1
53797,1
53799,1
53815,7
53817,7
53821,1
53826,1
53832,1
53839,1
53843,1
53846,1
53847,1
53856,1
53860,1
53865,1
53868,1
53871,2
53878,1
53882,1
53883,1
53889,1
53891,1
53894,1
53898,1
53903,1
53906,1
53945,1
53946,1
53962,4
53964,1
53971,1
53977,1
53980,2
53981,1
53994,8
53998,1
53999,1
54000,1
54005,1
54007,1
54010,1
54011,1
54020,2
54027,1
54041,15
54046,4
54058,1
54060,2
54063,5
54065,1
54066,1
54068,1
54076,2
54082,1
54084,1
54092,1
54100,2
54101,1
54104,1
54105,1
54106,1
54114,1
54121,3
54128,2
54135,1
54145,1
54152,3
54163,1
54164,1
54167,6
54168,2
54194,2
54198,1
54199,5
54202,1
54216,1
54217,34
54229,3
54230,1
54242,1
54243,1
54251,1
54257,1
54260,3
54263,6
54268,1
54278,2
54282,1
54289,3
54301,1
54305,1
54315,1
54322,1
54323,1
54336,1
54337,1
54338,2
54340,1
54349,1
54360,1
54362,1
54379,1
54381,1
54393,2
54394,1
54400,1
54401,1
54403,2
54406,2
54422,1
54480,1
54485,1
54486,1
54504,1
54509,2
54521,2
54549,5
54556,15
54573,6
54578,3
54581,1
54593,2
54600,14
54601,2
54615,1
54620,1
54637,1
54639,1
54648,1
54650,1
54655,6
54671,3
54678,2
54701,2
54704,5
54709,1
54711,2
54716,1
54725,1
54730,1
54739,2
54741,4
54754,32
54799,1
54803,5
54807,1
54808,1
54814,1
54820,1
54829,1
54842,3
54844,13
54845,17
54867,2
54877,1
54882,2
54888,18
54890,1
54892,4
54894,12
54897,2
54898,1
54900,36
54925,1
54931,1
54937,1
54941,8
54943,1
54945,2
54971,3
54984,38
54992,2
54995,4
55007,1
55010,1
55013,2
55017,2
55028,1
55030,36
55037,2
55038,1
55054,1
55055,1
55056,21
55057,1
55058,1
55063,2
55072,3
55075,2
55078,17
55081,9
55085,14
55088,1
55095,12
55097,8
55101,5
55103,1
55104,1
55106,12
55108,2
55112,2
55113,2
55119,1
55125,68
55129,11
55151,1
55157,1
55160,1
55164,1
55167,1
55175,1
55177,2
55180,1
55185,1
55189,1
55193,1
55249,2
55256,1
55257,1
55268,3
55273,3
55279,3
55282,1
55286,1
55289,1
55295,1
55297,2
55300,1
55302,1
55303,4
55306,4
55322,1
55344,3
55354,1
55360,1
55375,16
55381,2
55514,2
55515,1
55520,1
55530,1
55537,1
55538,1
55550,1
55551,2
55559,1
55562,2
55572,1
55575,1
55576,1
55583,2
55591,2
55596,5
55606,2
55612,1
55630,2
55631,3
55632,1
55646,2
55648,1
55651,15
55655,2
55770,2
55772,5
55773,1
55784,1
55786,1
55815,1
55877,12
55878,4
55902,4
55911,4
55914,7
55921,3
55927,1
55998,1
55999,1
56008,1
56009,6
56027,2
56041,12
56043,2
56068,3
56071,3
56093,15
56099,1
56105,1
56107,4
56121,1
56137,2
56141,34
56145,2
56196,5
56213,3
56238,1
56241,1
56242,1
56294,2
56301,1
56347,1
56375,2
56376,1
56436,1
56467,2
56504,1
56514,1
56524,2
56532,1
56540,2
56585,1
56586,1
56616,2
56625,3
56627,4
56628,7
56645,2
56657,22
56662,2
56666,4
56673,1
56674,2
56676,4
56688,4
56707,1
56716,8
56717,2
56718,10
56729,1
56730,1
56733,4
56739,1
56740,5
56751,1
56767,1
56772,3
56784,2
56799,1
56805,6
56821,1
56825,2
56829,2
56868,20
56870,2
56873,2
56889,9
56893,1
56905,2
56914,11
56925,9
56926,5
56930,1
56942,8
56950,4
56963,1
56968,2
56987,4
57021,28
57028,12
57030,1
57034,1
57035,1
57056,2
57061,5
57068,25
57083,3
57095,1
57096,2
57130,1
57131,3
57142,1
57157,2
57164,3
57165,2
57166,2
57173,1
57177,23
57184,4
57186,2
57194,5
57195,7
57197,10
57202,1
57207,2
57216,4
57221,44
57234,30
57243,48
57245,6
57261,11
57265,1
57267,7
57276,48
57278,40
57280,5
57283,2
57301,1
57312,1
57336,3
57343,2
57355,2
57368,17
57398,3
57403,2
57411,2
57416,1
57421,1
57427,5
57430,2
57431,1
57436,1
57437,2
57438,1
57439,5
57447,2
57464,1
57471,2
57492,7
57498,1
57500,21
57520,1
57521,1
57529,10
57551,2
57555,1
57558,1
57565,1
57568,1
57571,52
57574,2
57578,2
57597,1
57600,2
57624,1
57625,2
57626,2
57627,1
57629,1
57631,6
57641,13
57645,3
57646,1
57655,4
57656,10
57663,2
57667,1
57675,1
57679,1
57680,3
57686,1
57708,1
57709,5
57738,1
57740,1
57747,5
57749,3
57757,2
57758,1
57770,2
57772,1
57773,3
57776,1
57785,16
57786,5
57788,1
57794,1
57807,1
57808,1
57848,1
57858,2
57863,1
57870,1
57873,2
57894,34
57897,15
57905,1
57908,2
57918,1
57922,2
57928,13
57937,5
57941,5
57944,7
57949,1
57950,1
57953,12
57961,2
57963,3
57971,1
57981,24
57986,15
57992,1
57993,14
58039,1
58051,14
58053,1
58054,6
58062,3
58063,1
58066,1
58067,28
58070,1
58085,1
58089,1
58092,2
58094,2
58099,1
58110,2
58111,1
58113,33
58134,3
58139,1
58143,2
58144,2
58161,2
58168,1
58169,1
58170,7
58178,6
58184,2
58192,3
58194,23
58196,2
58237,1
58238,2
58244,1
58246,1
58266,1
58268,1
58271,1
58281,2
58290,3
58304,2
58306,1
58312,1
58314,2
58318,1
58325,13
58329,1
58343,5
58354,4
58359,3
58363,2
58366,2
58368,2
58369,3
58373,1
58378,1
58393,10
58402,5
58403,33
58407,1
58416,1
58417,1
58418,2
58420,2
58424,1
58426,3
58427,4
58431,1
58436,23
58439,3
58440,1
58444,1
58464,1
58471,1
58487,2
58512,1
58536,24
58544,1
58547,3
58554,1
58555,2
58564,3
58566,3
58581,35
58607,1
58610,1
58611,1
58614,2
58622,22
58627,1
58637,1
58643,1
58645,3
58649,1
58653,2
58656,1
58663,4
58669,2
58677,2
58680,1
58684,1
58687,21
58697,2
58719,23
58720,1
58730,1
58731,1
58751,1
58756,1
58761,2
58772,1
58790,3
58792,10
58793,2
58805,2
58809,1
58821,1
58824,2
58829,1
58836,3
58839,1
58840,1
58843,1
58849,2
58853,1
58903,3
58931,3
58933,2
58953,1
59026,1
59028,3
59031,1
59032,2
59035,9
59036,1
59049,2
59050,1
59058,1
59066,20
59083,1
59092,1
59095,1
59096,1
59097,2
59102,1
59106,1
59115,9
59116,2
59128,1
59148,20
59172,2
59174,1
59184,3
59185,2
59192,2
59198,1
59199,2
59207,2
59217,1
59218,4
59221,1
59223,1
59227,2
59232,2
59234,1
59246,7
59247,1
59251,16
59253,1
59257,1
59259,1
59271,6
59277,2
59283,1
59316,2
59334,1
59336,2
59353,1
59356,1
59361,2
59369,3
59371,1
59375,1
59387,1
59391,2
59399,4
59426,1
59436,1
59438,1
59439,1
59473,1
59486,1
59489,1
59495,4
59511,1
59518,1
59528,1
59563,1
59587,1
59596,2
59609,2
59612,2
59619,8
59623,1
59632,1
59634,2
59635,2
59639,7
59659,2
59671,5
59687,4
59697,1
59700,20
59703,1
59707,2
59713,12
59714,2
59716,2
59717,1
59731,1
59742,2
59744,7
59750,1
59753,2
59757,1
59758,2
59760,12
59766,12
59791,1
59792,1
59793,1
59803,2
59807,2
59809,1
59822,1
59823,6
59828,6
59838,1
59839,1
59840,9
59849,1
59862,7
59864,2
59865,1
59866,18
59741,1
59873,3
59874,1
59877,2
59879,1
59891,2
59904,3
59911,1
59914,1
59933,5
59953,4
59955,1
59964,1
59996,1
60002,2
60006,2
60007,2
60008,6
60014,3
60017,5
60018,2
60028,1
60032,1
60043,1
60074,1
60079,3
60085,1
60086,2
60087,1
60088,2
60096,1
60097,1
60102,2
60114,1
60139,3
60151,54
60185,58
60189,2
60191,27
60192,2
60194,1
60206,1
60216,2
60218,5
60235,8
60241,1
60242,1
60249,1
60253,1
60255,2
60264,4
60266,2
60269,2
60280,7
60287,1
60290,1
60304,4
60312,3
60314,14
60319,1
60321,1
60332,2
60334,1
60335,2
60337,9
60350,1
60356,1
60368,2
60374,1
60384,2
60385,1
60391,2
60403,1
60407,1
60411,5
60413,1
60415,1
60420,1
60423,2
60431,1
60445,5
60447,1
60452,2
60454,1
60465,1
60477,3
60483,1
60486,3
60505,4
60512,1
60519,10
60539,1
60541,2
60550,2
60552,1
60563,1
60570,3
60571,2
60594,2
60595,2
60597,1
60601,1
60604,1
60607,2
60612,5
60633,4
60635,1
60651,1
60652,2
60659,1
60664,1
60680,1
60686,2
60689,1
60691,1
60694,1
60697,1
60714,3
60719,4
60740,2
60741,2
60742,1
60748,1
60750,1
60751,1
60768,1
60770,1
60774,1
60780,1
60784,1
60786,1
60793,2
60799,2
60800,1
60802,2
60846,1
60852,2
60857,1
60885,38
60886,2
60934,1
60941,14
60949,1
60950,2
60952,3
60956,1
60960,8
60971,2
61040,2
61049,1
61050,1
61052,1
61057,1
61071,2
61079,1
61080,2
61105,10
61112,1
61113,1
61115,32
61120,2
61121,4
61127,2
61139,1
61141,1
61142,2
61148,2
61156,1
61174,2
61176,1
61180,1
61185,1
61197,2
17663,14
61208,2
61219,1
61220,1
61227,2
61229,1
61237,2
61265,1
61266,1
61271,1
61303,8
61308,1
61318,1
61325,1
61349,2
61373,1
61380,1
61381,11
61385,1
61394,2
61396,1
61398,1
61413,4
61420,1
61435,1
61451,3
61456,1
61461,1
61467,8
61468,1
61493,1
61502,1
61519,1
61525,1
61530,1
61535,1
61544,1
61550,3
61552,2
61555,1
61531,9
61560,1
61563,1
61573,1
61574,1
61577,2
61591,3
61592,2
61593,1
61597,1
61601,1
61613,7
61616,1
61620,1
61622,1
61629,1
61631,1
61636,1
61638,4
61641,1
61651,2
61654,2
61655,1
61659,2
61661,1
61663,1
61664,1
61668,4
61674,1
61676,1
61680,1
61683,1
61686,3
61687,3
61691,1
61718,2
61728,1
61737,1
61746,1
61752,1
61759,2
61773,13
61786,15
61792,2
61795,1
61796,2
61797,2
61798,1
61801,15
61805,2
61809,1
61820,1
61826,1
61827,1
61828,1
61830,6
61840,27
61847,2
61857,1
61859,1
61861,3
61865,1
61867,1
61868,2
61871,1
61874,2
61879,1
61894,1
61896,1
61897,2
61904,2
61906,1
61907,1
61911,2
61913,3
61917,1
61933,1
61934,1
61942,1
61944,1
61948,1
61926,13
61955,1
61971,9
62010,1
62012,1
62013,1
62014,1
62017,3
62018,1
62019,2
62020,2
62025,17
62026,2
62029,2
62035,1
62056,1
62065,3
62075,1
62076,1
62080,4
62086,6
62091,1
62094,1
62105,1
62110,1
62111,1
62124,1
62125,1
62126,1
62129,1
62130,1
62132,2
62134,1
62139,5
62140,1
62148,2
62150,2
62166,8
62180,1
62188,1
62211,4
62216,2
62220,1
62224,27
62227,1
62229,5
62230,6
62240,14
62253,1
62259,1
62277,6
62279,3
62283,1
62289,2
62290,4
62324,23
62325,6
62336,2
62357,1
62364,2
62367,1
62371,1
62379,1
62390,1
62391,2
62397,1
62406,16
62408,36
62415,2
62421,1
62432,2
62409,1
62437,2
62442,1
62445,2
62449,3
62453,2
62455,1
62463,5
62464,4
62465,9
62469,36
62479,2
62481,16
62482,4
62484,2
62492,4
62494,2
62499,1
62503,1
62504,52
62510,5
62516,3
62519,1
62537,1
62547,1
62550,2
62555,2
62558,1
62559,5
62560,15
62561,5
62565,16
62568,2
62578,1
62579,1
62580,17
62581,45
62593,18
62594,1
62602,2
62607,4
62620,43
62641,62
62642,1
62647,24
62657,10
62664,4
62673,1
62687,12
62688,18
62690,1
62703,18
62720,2
62721,1
62722,1
62725,1
62730,1
62765,1
62774,1
62777,2
62787,1
62790,1
62797,1
62803,2
62804,1
62805,1
62806,1
62807,1
62813,1
62814,1
62819,9
62821,1
62823,6
62827,2
62836,1
62852,8
62854,1
62860,1
62867,1
62882,4
62885,1
62890,1
62889,3
62899,4
62905,1
62907,2
62929,1
62933,1
62936,1
62938,1
62943,1
62946,3
62950,1
62951,1
62952,1
62964,2
62965,1
62967,2
62976,4
62979,14
62980,1
62990,1
63004,13
63006,1
63015,5
63024,3
63035,1
63037,2
63040,6
63058,1
63061,3
63063,3
63070,2
63071,1
63087,1
63089,1
63093,2
63103,1
63104,1
63106,1
63107,1
63108,2
63111,1
63118,1
63123,2
63136,1
63147,1
63155,2
63159,5
63160,4
63161,1
63184,5
63187,1
63189,1
63193,1
63200,1
63205,1
63208,2
63214,4
63218,3
63225,4
63227,3
63241,1
63242,6
63243,2
63252,2
63253,2
63254,7
63256,2
63262,1
63275,1
63278,3
63279,1
63280,2
63286,1
63287,1
63305,9
63307,36
63319,1
63320,1
63321,1
63323,1
63324,13
63334,1
63353,20
63363,2
63365,1
63369,5
63374,12
63389,1
63391,1
63393,3
63394,1
63410,1
63426,1
63454,1
63470,1
63473,1
63476,1
63477,2
63493,1
63503,1
63508,1
63510,1
63511,2
63585,1
63516,4
63524,1
63525,2
63535,5
63557,2
63574,1
63581,1
63594,1
63603,1
63604,2
63620,1
63624,1
63625,1
63631,1
63632,1
63646,1
63650,8
63651,2
63653,1
63654,1
63666,2
63675,4
63680,21
63690,1
63700,1
63705,3
63728,1
63743,9
63756,1
63784,2
63801,4
63802,1
63806,5
63813,1
63826,1
63832,3
63834,5
63835,24
63839,8
63863,1
63871,40
63884,1
63885,16
63892,1
63894,1
63896,2
63897,1
63904,1
63914,1
63917,14
63943,1
63954,2
63969,1
63972,2
63976,1
63996,1
64005,1
64019,18
64021,2
64034,1
64039,1
64045,2
64047,2
64067,1
64077,1
64078,1
64085,4
64098,2
64099,2
64100,2
64108,17
64114,1
64127,2
64132,20
64133,1
64141,1
64144,6
64147,1
64163,1
64164,6
64171,5
64176,12
64177,5
64179,10
64196,5
76627,1
64207,1
64212,1
64216,1
64228,34
64247,2
64253,1
64258,2
64313,6
64432,5
64451,15
64461,1
64462,1
64463,1
64470,2
64475,3
64482,11
64494,10
64549,1
64562,1
64564,1
64596,1
64605,7
64612,2
64625,7
64633,2
64654,1
64656,2
64670,3
64678,8
64686,1
64689,3
64716,1
64721,1
64732,2
64737,1
64741,1
64743,5
64745,1
64756,5
64782,1
64786,2
64800,1
64804,2
64805,1
64818,1
64825,1
64835,1
64837,6
64838,1
64839,1
64845,4
64846,1
64848,5
64851,3
64891,1
64895,4
64913,1
64920,1
64925,8
64928,6
64930,1
64931,4
64932,22
64933,1
84570,1
64942,1
64943,3
64944,1
64954,3
64967,4
64976,1
64978,1
64981,12
64986,1
64994,7
65005,6
65014,1
65016,1
65038,1
65041,1
65048,2
65054,1
65070,2
65077,6
65080,1
65081,1
65082,1
65083,1
65088,5
65095,1
65097,2
65101,1
65106,1
65109,1
65118,1
65127,11
65131,1
65136,3
65137,1
65138,1
65139,1
65146,2
65149,1
65175,6
65176,15
65217,2
65218,1
65227,7
65246,1
65249,2
65251,2
65268,1
65270,1
65275,1
65279,1
65284,1
65285,2
65286,1
65296,1
65297,1
65315,1
65320,1
65341,1
65342,1
65343,2
65348,1
65352,2
65361,2
65367,2
65379,4
65381,1
65383,1
65389,46
65395,2
65397,3
65408,1
65413,1
65419,2
65426,21
65431,1
65432,3
65434,1
65435,1
65437,1
65443,1
65447,2
65457,1
65479,1
65482,1
65484,8
65494,1
65495,2
65541,1
65546,1
65566,1
65584,3
65587,1
65596,10
65611,1
65613,1
65614,1
65627,1
65629,1
65651,4
65662,1
65678,2
65697,1
65699,3
65705,2
65707,7
65727,1
65744,2
65754,2
65755,2
65762,1
65778,2
65780,1
65783,2
65793,3
65822,3
65833,1
65843,5
65859,1
65862,15
65863,1
65868,2
65893,5
65909,5
65911,1
65915,13
65917,1
65928,1
65948,19
65949,2
65952,37
65965,7
65993,1
65994,1
66000,1
66006,1
66008,2
66014,2
66018,4
66022,1
66028,1
66031,1
66033,2
66035,12
66036,2
66045,2
66068,1
66096,1
66102,7
66103,5
66111,1
66112,1
66113,1
66133,14
66162,14
66164,2
66175,11
66178,1
66181,1
66189,1
66203,1
66210,2
66219,4
66220,1
66223,2
66226,1
66263,14
66279,14
66288,1
66292,1
66293,1
66294,1
34878,2
66305,1
66308,1
66314,1
66315,1
66317,1
66321,1
66323,2
66326,2
66335,1
66341,2
66342,2
66343,4
66353,2
66365,3
66374,5
66385,4
66389,1
66392,1
66393,2
66394,4
66415,1
66420,10
66434,4
66435,1
66446,7
66448,50
66454,1
66459,1
66461,1
66462,1
66472,2
66473,3
66480,14
66484,1
66498,4
66499,2
66501,1
66515,9
66516,1
66517,1
66556,1
66557,1
66559,2
66561,2
66571,1
66574,2
66576,1
66590,1
66597,1
66612,1
66641,2
66643,2
66645,1
66653,2
66663,7
66666,2
66669,1
66675,1
66676,1
66681,1
66688,1
66693,1
66715,4
66734,1
66735,1
66736,1
66737,1
66746,1
66754,8
66758,3
66761,1
66764,2
66765,2
66779,1
66781,9
66820,2
66826,2
66830,1
66838,1
66842,2
66845,1
66847,1
66856,1
66860,28
66868,1
66881,1
66885,1
66886,3
66893,2
66895,1
66902,1
66908,1
66915,2
66917,1
66923,1
66924,1
66926,1
66938,2
66942,2
66943,1
66945,2
66949,1
66950,2
66977,4
66978,1
66985,1
67010,2
67019,1
67033,1
67053,1
67071,1
67072,3
67080,1
67081,1
67093,3
67100,1
67101,1
67102,1
67108,1
67129,1
67151,2
67152,1
67163,4
67168,7
67171,1
67173,1
67174,1
67183,1
67186,1
67195,5
67199,1
67209,1
67219,1
67221,1
67222,1
67228,1
67232,2
67242,1
67243,1
67251,12
67254,3
67262,2
67293,1
67319,1
67320,1
67324,1
67325,1
67345,1
67349,5
67379,1
67440,1
67457,1
67460,5
67473,1
67485,4
67496,4
67501,1
67529,6
67530,1
67550,1
67551,1
67578,6
67582,2
67599,1
67610,1
67612,4
67620,8
67635,1
67643,1
67649,1
67650,1
67653,1
67657,6
67674,2
67684,11
67686,1
67705,1
67714,2
67737,1
67745,1
67762,3
67772,1
67780,1
67791,1
67794,1
67804,2
67810,2
67815,1
67837,1
67844,2
67846,5
67854,4
67860,1
67862,1
67870,3
67871,2
67879,5
67891,1
67893,1
67895,3
67896,3
67906,1
67916,1
67924,1
67927,7
67930,1
67935,20
67948,6
67949,5
67950,1
67953,1
67957,12
67960,1
67965,1
67970,1
67973,2
67975,1
67980,2
67985,1
67986,5
67989,1
67990,1
67998,1
68008,5
68019,10
68032,2
68033,2
68038,1
68040,1
68042,2
68043,2
68046,28
68055,1
68056,5
68057,2
68059,1
68086,1
68093,1
68097,2
68140,1
68151,1
68167,1
68177,6
68183,2
68187,2
68188,1
68197,4
68210,1
68211,4
68215,1
68229,1
68230,3
68233,1
68241,6
68253,2
68269,1
68270,1
68276,1
68282,2
68286,2
68297,1
68304,1
68305,1
68331,1
68339,1
68341,1
68347,1
68367,10
68370,6
68371,1
68377,4
68389,1
68404,1
68414,10
68441,4
68450,1
68455,1
68464,1
68477,3
68481,1
68487,2
68499,3
68504,1
68505,1
68508,2
68509,9
68511,1
68512,3
68514,4
68515,1
68517,10
68523,6
68536,4
68543,11
68545,1
68559,3
68560,29
68566,2
68583,1
68586,1
68588,1
68604,2
68607,1
68608,1
68617,17
68627,1
68632,4
68641,4
68644,8
68654,1
68667,8
68670,2
68677,1
68688,3
68709,1
68724,3
68728,10
68744,4
68759,3
68762,35
68770,3
68771,1
68778,1
68779,30
68782,4
68799,1
68807,1
68808,1
68809,8
68815,1
68833,20
68836,1
68842,3
68848,1
68860,1
68868,1
68869,1
68872,5
68879,21
68889,2
68892,2
68897,1
68901,4
68907,1
68909,1
68911,1
68913,2
68923,1
68925,4
68951,6
68958,6
68959,1
68965,1
68967,5
68968,1
68969,1
68972,1
68982,1
68986,1
68988,1
68994,18
68997,2
69000,1
69007,1
69032,5
69062,5
69063,6
69069,2
69091,3
69099,2
69108,2
69109,1
69113,1
69116,32
69119,9
69120,14
69123,14
69126,5
69144,1
69145,2
69146,1
69153,1
69155,5
69156,1
69175,1
69177,1
69183,1
69184,1
69188,7
69194,1
69202,1
69204,1
69207,1
69217,5
69237,2
69239,2
69243,4
69252,2
69254,1
69264,1
69270,1
69292,10
69293,4
69294,1
69301,1
69272,14
69311,1
69319,1
69327,1
69329,1
69333,1
69350,21
69351,1
69353,1
69354,1
69355,1
69358,1
69362,1
69376,1
69379,1
69380,1
69381,18
69382,1
69384,1
69401,1
69405,1
69411,1
69412,1
69416,1
69417,1
69439,1
69454,10
69461,1
69466,7
69474,2
69477,1
69500,2
69501,2
69502,1
69525,1
69549,4
69551,1
69558,2
69563,1
69565,1
69572,2
69582,1
69596,5
69606,1
69610,3
69620,1
69628,1
69635,1
69652,1
69671,6
69673,1
69675,3
69676,1
69682,2
69696,2
69710,2
69711,1
69725,2
69752,19
69761,1
69778,1
69779,1
69781,18
69785,1
69786,9
69796,1
69797,2
69803,3
69813,1
69822,1
69825,1
69835,5
69839,1
69840,1
69845,17
69846,11
69858,1
69869,2
69876,3
69903,1
69904,1
69905,1
69907,3
69909,3
69918,10
69923,6
69927,7
69928,9
69974,10
70010,1
70031,1
70034,3
70043,1
70052,1
70062,9
70070,1
70076,2
70085,1
70089,2
70095,2
70096,2
70099,1
70115,7
70145,1
70165,1
70175,3
70184,2
70185,6
70186,2
70188,1
70192,2
70200,1
70212,1
70214,1
70216,1
70220,1
70222,1
70237,6
70239,1
70242,1
70246,7
70249,1
70256,36
70263,5
70275,2
70284,1
70286,1
70290,1
70291,1
70292,4
70298,1
70302,1
70312,1
70336,5
70347,28
70377,1
70379,1
70391,1
70401,2
70424,6
70448,18
70449,1
70456,1
70462,2
70463,1
70464,1
70465,1
70477,1
70488,4
70495,2
70496,5
70523,1
70526,1
70538,3
70540,5
70541,22
70571,1
70572,1
70573,2
70579,1
70581,2
70583,1
70588,1
70595,1
70597,1
70609,7
70623,1
70645,1
70672,3
70680,2
70684,1
70689,1
70692,9
70708,1
70709,1
70716,2
70727,2
70742,5
70756,2
70757,1
70759,12
70767,1
70768,9
70770,2
70773,1
70774,1
70776,1
70788,1
70792,1
70794,1
70807,14
70815,1
70816,1
70828,2
70831,2
70841,2
70843,1
70852,6
70854,2
70866,11
70873,1
70894,1
70923,3
70926,13
70931,1
70933,1
70956,2
70960,2
70965,1
70980,4
71001,1
71002,2
71016,1
71026,2
71031,1
71033,1
71035,1
71040,30
71048,7
71058,1
71066,1
71078,5
71086,3
71092,1
71100,1
71105,1
71106,1
71113,1
71125,1
71130,1
71135,2
71149,2
71151,1
71152,1
71153,2
71154,1
71166,1
71176,1
71196,1
71217,2
71221,1
71224,8
71225,2
71226,1
71227,1
71268,2
71276,2
71280,2
71281,1
71287,2
71288,5
71303,2
71307,1
71310,1
71313,1
71325,2
71330,17
71332,1
71339,2
71343,2
71354,2
71359,1
71362,1
71374,1
71377,3
71391,1
71392,1
71406,5
71409,14
71423,1
71447,3
71449,2
71452,1
71454,2
71466,2
71467,1
71475,4
71481,1
71483,1
71501,2
71505,5
71510,1
71512,2
71515,1
71524,1
71525,1
71555,1
71563,1
71565,2
71568,1
71576,1
71605,2
71615,3
71619,2
71623,2
71630,1
71644,2
71655,1
71662,2
71671,1
71679,8
71683,2
71689,1
71691,1
71700,1
71717,1
71719,1
71721,1
71722,1
71736,1
71759,3
71761,2
71772,2
71781,2
71783,1
71790,1
71798,2
71807,1
71811,1
71814,1
71820,2
71823,1
71830,1
71832,1
71844,1
71855,1
71878,4
71884,2
71894,8
71897,1
71898,1
71900,1
71907,1
71951,1
71952,3
71953,1
71980,10
71983,1
71992,2
72007,1
72008,1
72009,1
72017,1
72019,5
72025,1
72030,1
72031,1
72033,1
72034,2
72035,1
72054,1
72076,1
72089,2
72090,1
72099,3
72101,12
72105,1
72115,3
72120,1
72121,1
72133,3
72140,1
72158,4
72164,3
72170,2
72178,4
72179,1
72188,1
72195,1
72201,1
72211,1
72213,2
72218,1
72220,2
72243,1
72246,1
72250,3
72260,1
72262,1
72272,5
72283,1
72289,1
72290,1
72294,4
72349,1
72350,1
72351,1
72360,1
72364,1
72369,1
72375,1
72382,1
72384,6
72388,1
72400,1
72401,1
72404,2
72413,2
72428,1
72430,1
72432,2
72433,1
72435,1
72447,7
72450,1
72453,2
72455,1
72471,1
72482,1
72483,1
72487,1
72489,1
72495,1
72506,1
72516,1
72517,6
72520,2
72524,1
72525,2
72551,2
72560,1
72577,1
72598,8
72608,1
72634,1
72636,1
72637,1
72651,1
72655,1
72696,1
72713,1
72723,1
72747,1
72751,1
72760,2
72766,1
72768,1
72771,1
72779,1
72780,2
72788,1
72809,3
72811,2
72818,1
72819,1
72820,1
72827,2
72828,1
72830,1
72853,2
72854,3
72860,5
72865,1
72868,1
72869,4
72874,5
72894,1
72900,1
72904,2
72911,2
72940,1
72943,1
72957,1
72960,3
72963,1
72972,1
72975,1
72976,10
72980,2
72982,1
73001,3
73003,1
73009,1
73014,1
73034,2
73038,5
73066,1
73075,8
73081,2
73096,3
73102,5
73117,1
73126,2
73129,1
73132,1
73134,4
73139,2
73142,2
73153,12
73161,3
73165,8
73179,5
73183,3
73189,9
73194,16
73204,1
73205,2
73208,1
73224,3
73234,1
73235,2
73240,12
73244,1
73250,2
73262,2
73265,2
73288,1
73290,1
73299,1
73308,4
73312,10
73315,2
73321,2
73324,1
73336,1
73345,1
73352,1
73360,1
73361,5
73363,1
73392,3
73395,1
73408,4
73417,1
73418,1
73419,1
73426,1
73433,10
73438,1
73442,1
73448,1
73481,1
73483,2
73487,3
73489,5
73491,1
73494,4
73505,1
73510,1
73514,2
73525,18
73531,4
73534,1
73538,1
73539,1
73547,16
73555,1
73586,1
73588,1
73595,1
73600,1
73606,4
73618,10
73623,1
73629,2
73646,1
73654,1
73660,1
73664,2
73668,3
73670,2
73677,1
73679,1
73683,3
73691,2
73696,88
73701,1
73703,2
73714,4
73728,1
73759,5
73761,2
73777,2
73780,3
73782,4
73791,1
73797,2
73830,1
73834,1
73836,1
73838,1
73841,1
73845,8
73848,2
73849,1
73858,1
73863,3
73867,2
73871,2
73872,11
73890,61
73894,3
73897,95
73913,1
73921,2
73938,2
73939,2
73952,2
73954,2
73955,5
73968,1
73973,4
73974,2
73976,2
73978,2
73986,2
73990,5
73994,2
74011,4
74015,4
74030,8
74040,10
74044,2
74051,2
74052,3
74061,2
74064,2
74067,1
74078,13
74079,3
74094,7
74101,3
74108,1
74114,2
74127,6
74134,1
74140,2
74152,26
74154,4
74163,1
74175,1
74191,2
74192,1
74198,5
74210,1
74221,1
74223,1
74237,1
74258,16
74280,1
74286,2
74302,1
74307,1
74325,1
74333,17
74340,10
74347,4
74390,1
74403,1
74411,1
74413,1
74421,1
74422,2
74455,4
74457,2
74479,1
74486,16
74490,2
74502,1
74509,1
74517,2
74531,1
74543,1
74548,1
74549,1
74552,1
74580,2
74583,2
74584,2
74599,1
74604,2
74621,2
74628,14
74629,14
74636,8
74645,3
74666,3
74678,1
74682,1
74689,4
74711,1
74714,9
74737,1
74739,1
74747,4
74751,1
74754,1
74755,1
74778,1
74779,3
74783,1
74785,1
74793,3
74797,6
74798,5
74803,2
74815,8
74838,2
74851,2
74855,2
74868,1
74913,1
74914,2
74928,1
74929,1
74933,2
74937,1
74938,1
74963,8
74965,1
74970,1
74992,1
75000,2
75012,4
75018,1
75024,1
75025,1
75040,1
75055,10
75058,1
75060,1
75077,1
75090,1
75093,1
75096,8
75101,2
75107,2
84573,6
75119,1
75132,1
75139,2
75140,5
75141,3
75142,22
75143,2
75159,50
75176,1
75179,4
75204,1
75205,2
75210,2
75213,1
75217,1
75221,3
75223,1
75248,2
75255,1
75256,1
75273,1
75279,1
75286,8
75298,1
75300,13
75301,1
75302,2
75303,2
75313,1
75319,1
75325,1
75331,4
75332,3
75337,5
75344,15
75360,26
75366,2
75373,1
75379,1
75380,1
75381,5
75383,2
75386,10
75395,12
75396,4
75398,24
75400,2
75404,1
75416,1
75434,1
75446,19
75447,5
75455,9
75457,3
75466,9
75474,16
75477,6
75487,6
75499,1
75507,1
75519,1
75542,1
75544,6
75550,1
75555,1
75556,1
75561,1
75562,14
75572,1
75590,2
75601,48
75602,7
75610,1
75614,4
75628,2
75643,9
75646,9
75653,5
75654,9
75657,46
75659,1
75670,4
75671,1
75700,45
75709,1
75711,1
75723,2
75762,1
75771,1
75788,7
75792,1
75801,24
75810,2
75815,3
75824,2
75832,4
75835,3
75841,1
75843,10
75846,2
75849,1
75851,2
75868,1
75869,10
75875,10
75879,1
75884,15
75899,2
75916,4
75917,2
75930,1
75937,1
75943,1
75959,1
75965,1
75976,1
75989,1
75990,1
76007,1
76027,3
76031,1
76038,1
76044,4
76045,3
76051,5
76055,4
76057,1
76068,1
76070,1
76072,2
76077,37
76093,1
76099,14
76129,8
76132,64
76139,1
76140,2
76143,19
76145,2
76146,1
76158,15
76161,2
76174,1
76178,1
76182,2
76183,1
76184,1
76196,3
76205,3
76207,1
76209,5
76216,1
76219,2
76237,5
76240,2
76242,2
76246,1
76248,7
76262,1
76269,1
76270,9
76275,5
76279,1
76281,2
76314,1
76318,3
76319,1
76324,4
76326,1
76331,8
76333,1
76340,3
76349,24
76375,6
76389,1
76392,2
76393,2
76402,2
76403,1
76406,2
76418,1
76419,1
76422,1
76423,1
76427,10
76428,4
76435,2
76449,2
76450,18
76451,1
76455,2
76469,7
76476,3
76480,1
76496,2
76509,2
76514,4
76528,2
76532,1
76537,1
76547,1
76556,1
76563,1
76521,4
76610,1
76614,3
76631,2
76615,14
76645,40
76660,10
76662,9
76682,1
76685,2
76686,5
76699,1
76708,2
76711,2
76714,1
76725,3
76729,22
76750,1
76760,1
76761,1
76772,1
76773,1
76776,1
76755,8
76788,7
76793,2
76794,1
76796,2
76803,1
76815,1
76819,2
76828,2
76830,1
76831,1
76840,6
76847,5
76854,5
76855,6
76859,2
76860,1
76865,2
76867,1
76868,2
76869,2
76895,40
76898,40
76914,1
76917,1
76923,1
76925,2
76934,6
76935,7
76937,25
76946,2
76951,1
76954,1
76957,1
76958,1
76968,1
76969,1
76972,1
76973,1
76976,1
76977,1
76979,1
76980,1
76991,1
76995,1
77001,1
77011,1
77023,15
77044,9
77049,3
77050,1
77053,40
77054,18
77056,9
77057,4
77059,2
77062,1
77067,28
77071,16
77079,9
77084,1
77098,1
77116,1
77125,1
77135,2
77139,1
77141,1
77147,15
77148,10
77153,1
77154,1
77156,1
77163,34
77166,4
77188,2
77205,1
77213,2
77221,4
77230,4
77237,1
77273,2
77275,3
77278,1
77280,2
77295,46
77303,34
84581,1
77307,9
77313,22
77315,8
77338,2
77362,15
77364,2
77366,1
77379,2
77381,1
77387,3
77393,1
77395,8
77407,1
77410,5
77414,2
77418,2
77421,10
77426,8
77440,1
77448,1
77449,1
77451,2
77453,1
77454,12
77460,1
77464,3
77483,1
77509,60
77512,2
77527,1
77531,1
77533,1
77534,2
77538,1
77539,1
77540,1
77547,1
77549,2
77551,3
77553,15
77556,9
77567,2
77568,14
77587,1
77588,1
77589,5
77594,1
77604,1
77612,1
77613,1
77624,2
77632,1
77637,1
77640,2
77646,1
77652,11
77659,1
77664,1
77672,19
77678,1
77680,1
77687,4
77693,2
53040,2
77702,1
77703,4
77705,1
77707,9
77724,2
77732,1
77734,1
77737,1
77740,1
77750,2
77761,2
77762,6
77763,1
77766,1
77799,1
77804,6
77826,1
77831,3
77839,1
77840,1
77845,2
77855,1
77856,1
77864,32
77868,1
77893,4
77910,2
77922,1
77925,5
77936,18
77943,1
77956,4
77965,13
77982,2
77985,2
77987,5
77993,2
78000,1
78001,2
78002,1
78006,6
78008,1
78016,1
78017,4
78022,7
78027,34
78030,2
78031,2
78041,2
78042,6
78052,5
78055,1
78058,14
78099,19
78101,12
78103,1
78108,20
78121,1
78122,10
78131,1
78137,2
78141,2
78142,2
78149,1
78166,12
78174,2
78182,16
78210,1
78216,1
78218,1
78219,4
78223,9
78227,2
78231,1
78237,4
78240,2
78249,2
78257,20
78271,6
78272,14
78292,16
78297,1
78303,2
78308,2
78316,2
78317,1
67299,2
78325,15
78329,54
78330,46
78331,46
78332,1
78340,1
78342,9
78343,1
78344,1
78354,1
78364,8
78366,46
78368,1
78379,5
78391,1
78396,1
78402,2
78403,1
78405,2
78407,1
78416,2
78419,2
78421,3
78422,3
78433,9
78449,1
78450,18
78459,6
78466,1
78484,1
78486,2
78488,3
78500,6
78504,1
78515,2
78516,2
78518,3
78526,1
78558,1
78570,1
78572,1
78581,1
78582,2
78617,1
78625,2
78645,2
78648,1
78651,1
78671,1
78680,12
78682,2
78691,2
78693,2
78694,2
78699,1
78705,2
78716,2
78723,4
78724,1
78757,3
78760,3
78772,2
78788,2
78790,2
78811,1
78837,1
78846,1
78866,4
78867,5
78890,1
78898,1
78900,15
78902,1
78907,1
78909,1
78911,12
78921,1
78925,2
78926,6
78932,14
78933,1
78942,5
78951,2
78965,2
78967,1
78980,9
78987,3
78992,4
79008,6
79031,8
79040,1
79041,1
79042,1
79051,2
79055,1
79056,1
79058,30
79060,2
79069,2
79105,6
79109,8
79114,1
79128,2
79129,1
79130,2
79154,3
79161,1
79165,3
79166,3
79192,1
79205,1
79209,4
79212,1
79238,1
79242,1
79243,1
79244,1
79254,2
79256,8
79278,1
79287,1
79305,2
79307,1
79315,10
79334,1
79337,6
79345,2
79350,1
79363,5
79364,1
79391,1
79393,1
79410,1
79419,2
79421,1
79426,2
79438,1
79443,5
79454,1
79455,1
79482,1
79494,3
79498,2
79503,5
79507,1
79515,2
79521,1
79522,1
79523,1
79524,1
79539,2
79547,1
79555,1
79558,3
79559,4
79563,2
79564,5
79565,4
79573,5
79574,47
79580,2
79592,1
79594,1
79597,50
79600,13
79616,2
79618,1
79629,1
79631,2
79638,1
79649,20
79650,30
79652,5
79656,6
79657,2
79659,2
79668,35
79690,29
79699,34
79700,45
79703,2
79710,14
79728,3
79729,37
79756,1
79766,1
79770,1
79775,1
79794,1
79801,1
79804,1
79814,1
79822,50
79825,1
79830,4
79835,1
79836,1
79838,1
79839,9
79844,19
79845,2
79860,1
79875,30
79879,15
79887,1
79897,2
79899,2
79902,2
79906,9
79917,11
79924,1
79926,58
79927,20
79928,1
79929,1
79933,2
79948,3
79951,2
79980,2
79984,1
80009,1
80010,1
80019,4
80027,1
80032,1
80033,2
80040,11
80043,5
80056,3
80083,1
80085,3
80088,1
80089,3
80091,1
80106,1
80128,1
80129,1
80134,3
80140,2
80141,3
80142,1
80147,15
80149,3
80156,1
80158,2
80186,1
80188,1
80198,1
80206,1
80211,1
80213,1
80218,1
80221,1
80224,1
80239,5
80265,3
80267,3
80272,4
80280,1
80283,2
80292,1
80293,2
80304,1
80317,1
80318,2
80333,2
80341,1
80343,1
80348,2
80351,1
80368,2
80374,2
80381,1
80397,1
80402,1
80404,1
80405,1
80409,2
80417,1
80418,3
80459,2
80472,1
80473,1
80474,4
80467,2
80486,1
80488,2
80496,1
80508,3
80520,1
80525,1
80538,2
80546,1
80552,2
80574,2
80579,7
80586,2
80592,1
80593,1
80601,3
80607,2
80612,1
80613,1
80616,2
80618,1
80625,1
80627,1
80654,1
80655,2
80665,6
80668,1
80673,10
80676,1
80699,3
80710,1
80717,3
80750,5
80772,3
80801,1
80804,1
80809,1
80815,1
80826,1
80832,1
80835,1
80874,2
80879,1
80880,3
80886,2
80888,1
80912,1
80914,1
80916,2
80941,3
80946,1
80959,1
80967,3
81002,1
81004,1
81007,1
81016,2
81041,1
81048,4
81049,1
81050,1
81055,5
81060,1
81075,1
81080,1
81083,1
81088,2
81091,3
81095,1
81101,1
81102,1
81115,3
81123,1
81131,2
81132,1
81149,2
81163,1
81174,2
81178,1
81182,3
81186,40
81187,50
81189,2
81192,9
81197,2
81198,2
81208,1
81216,1
81234,1
81235,1
81236,1
81238,2
81243,2
81244,1
81249,1
81251,1
81252,5
81257,2
81258,1
81268,2
81278,2
81279,3
81282,1
81295,1
81297,2
81299,1
81306,10
81313,20
81314,2
81318,4
81320,9
81332,1
81338,1
81345,3
81347,1
81349,12
81362,1
81364,2
81375,1
81384,29
81393,2
81394,4
81403,3
81404,1
81435,1
81438,1
81441,1
81442,2
81449,2
81451,1
81454,3
81469,1
81470,5
81482,1
81490,1
81494,1
81496,1
81501,13
81504,1
81506,1
81508,1
81515,1
81516,1
81533,1
81567,1
81570,3
81581,1
81584,13
81588,1
81591,4
81592,4
81620,1
81626,1
81633,1
81634,4
81640,2
81657,2
81660,16
81662,1
81666,1
81676,1
81680,1
81686,1
81698,3
81715,1
81722,2
81723,2
81727,6
81739,1
81742,18
81752,2
81755,2
81757,8
81762,25
81770,27
81771,16
81778,1
81779,1
81812,1
81823,2
81853,1
81855,1
81862,1
81871,2
81874,6
81883,5
81896,1
81906,2
81910,1
81918,1
81930,1
81934,1
81936,2
81942,1
81943,1
81960,1
81962,1
81968,1
81971,1
81980,4
81981,2
81987,3
82000,2
82001,1
82020,2
82030,3
82043,7
82049,1
82054,3
82058,1
82059,1
82064,1
82070,1
82071,1
82074,1
82077,4
82079,4
82085,1
82088,1
82091,1
82094,1
82095,6
82098,1
82102,1
82113,1
82116,1
82118,1
82120,2
82121,1
82129,12
82131,2
82134,10
82139,19
82154,1
82157,3
82163,5
82167,2
82169,1
82190,28
82205,2
82206,1
82212,1
82213,2
82214,3
82217,1
82237,2
82253,4
82255,8
82288,1
82299,1
82300,1
82304,1
82318,1
82322,15
82323,6
82330,8
82332,1
82336,1
82342,2
82343,2
82345,1
82350,4
82354,1
82358,1
82370,30
82375,2
82378,3
82381,1
82382,2
82396,3
82399,3
82404,1
82410,1
82414,1
82417,1
82427,1
82428,2
82443,12
82444,1
82445,2
82452,1
82453,1
82465,5
82470,2
82496,10
82512,1
82517,1
82524,1
82526,1
82539,2
82546,1
82547,1
82562,1
82563,1
82565,1
82566,3
82568,1
82569,1
82570,3
82580,1
82582,1
82597,1
82603,1
82608,1
82614,1
82615,1
82624,1
82625,1
82627,2
82633,6
82642,2
82649,2
82663,2
82664,1
82668,1
82669,1
82696,1
82699,1
82701,2
82702,2
82724,4
82757,1
82764,2
82772,1
82774,1
82784,2
82785,14
82800,1
82806,1
82807,2
82817,2
82819,1
82824,1
82836,1
82839,2
82843,1
82850,1
82855,3
82858,7
82859,7
82865,1
82866,1
82868,1
82875,1
82879,2
82881,1
82882,1
82883,2
82884,2
82885,7
82886,7
82887,7
82892,7
82899,1
82914,2
82920,19
82921,5
82928,2
82929,1
82950,32
82954,3
82960,1
82962,1
82966,1
82979,27
82995,6
82999,1
83010,1
83011,1
83021,2
83034,26
83038,5
83041,1
83047,1
83057,5
83074,1
83075,2
83076,1
83091,2
83109,45
83118,21
83121,2
83122,2
83125,18
83128,41
83129,9
83131,1
83132,1
83135,2
83137,1
83138,1
83139,1
83144,1
83160,3
83166,6
83177,1
66776,2
83211,1
83213,12
83220,1
83227,1
83229,2
83232,2
83246,2
83248,1
83249,1
83259,2
83261,1
83270,2
83276,10
83287,1
83290,1
83293,3
83303,1
83307,45
83309,1
83310,1
83311,18
83314,1
83317,3
83318,1
83325,1
83326,1
83342,2
83343,1
83346,1
83347,13
83353,7
83361,24
83396,1
83401,2
83447,2
83452,5
83454,2
83455,1
83458,3
83461,2
83472,1
83473,1
83484,1
83485,1
83488,4
83495,9
83502,7
83512,1
83523,42
83527,1
83534,1
83541,3
83546,1
83558,1
83561,2
83583,28
83593,1
83600,13
83601,10
83602,2
83605,1
83607,1
83610,2
83611,4
83620,4
83622,13
83625,1
83626,30
83627,7
83628,5
83629,1
83630,3
83631,2
83633,2
83640,20
83641,1
83642,1
83649,5
83656,58
83659,4
83660,5
83680,2
83697,1
83699,1
83700,1
83703,1
83705,1
83706,6
83709,2
83714,2
83721,4
83724,2
83728,4
83739,1
83745,1
83748,2
83757,1
83766,1
83767,1
83773,24
83778,2
83785,1
83793,14
83806,1
83810,1
83814,1
83827,2
83961,1
83833,2
83837,1
83838,1
83844,1
83849,4
83851,14
83858,12
83873,1
83874,1
83878,4
83892,1
83906,1
83910,1
83925,3
83954,1
83965,5
83981,2
83985,1
83986,1
83991,7
83994,1
83995,1
83999,1
84003,1
84004,1
84009,1
84010,3
84012,3
84015,2
84028,1
84048,2
84058,3
84060,3
84062,3
84065,1
84083,1
84084,2
84088,1
84095,3
84100,3
84107,1
84143,3
84199,6
84207,1
84217,3
84231,1
84232,2
84234,4
84245,1
84246,4
84254,1
84257,2
84265,3
84280,1
84281,1
84310,1
84312,1
84317,1
84319,1
84322,2
84323,1
84341,1
84348,1
84363,17
84369,2
84370,2
84389,1
84394,1
31608,2
31632,6
84407,20
84410,10
84414,274
84417,2
84420,3
84429,8
84435,10
84442,20
84444,1
84445,5
35060,1
84456,2
84472,1
84476,1
84481,11
84487,1
84491,8
84494,10
84498,16
63240,1
73959,1
84525,2
78854,1
84561,1
18501,1
