fahrzeugId,zielort
2,3
3,3
8,27
10,65
11,3
21,10
30,27
31,3
39,3
46,3
47,3
54,3
66,3
67,3
80,3
82,27
83,10
84,3
90,10
95,1
102,27
107,65
119,43
122,3
134,3
141,3
143,3
144,27
145,10
147,3
148,3
149,3
167,3
195,3
198,27
207,11
209,3
214,4
235,4
236,3
247,27
277,3
300,27
315,3
332,3
339,27
354,11
356,27
377,27
389,3
395,112
398,4
399,3
404,27
421,112
426,3
428,3
429,3
444,27
466,3
467,11
474,3
482,112
489,3
500,3
520,3
525,3
531,3
532,3
539,3
541,3
543,27
546,3
548,3
555,3
558,3
582,3
564,3
565,3
579,3
589,44
590,3
597,3
608,112
609,3
614,112
617,3
619,3
624,27
628,3
639,3
640,27
641,112
648,3
652,3
653,3
661,22
666,3
667,3
668,27
669,145
673,27
28008,778
688,3
689,148
714,3
722,3
727,153
732,10
729,27
733,3
743,3
747,27
754,3
756,3
795,112
804,3
822,112
824,148
829,27
832,27
836,160
838,27
851,3
872,27
894,3
903,112
904,148
911,112
915,27
28000,10
937,4
953,27
955,3
977,4
991,3
1004,27
1011,148
1012,27
1013,179
1030,3
1034,27
1169,148
1057,3
1062,10
28076,112
1073,10
1082,27
1087,3
1093,3
1094,3
1102,27
1106,10
1115,3
1121,11
1127,27
1136,27
1174,3
1181,27
1184,27
1187,3
1188,11
1189,3
1209,27
1235,3
1242,3
1248,3
1258,3
1279,27
1280,3
1288,27
1295,148
1300,10
1301,3
1304,3
1313,179
1317,12
1329,3
1348,3
1353,27
1356,3
1358,27
1362,3
1365,79
1368,3
1375,10
1386,27
1398,3
1408,27
1430,27
1438,3
1439,3
1441,3
1444,148
1454,3
1467,3
1469,3
1475,3
1507,3
1508,222
1510,11
1517,10
1519,3
1525,3
1534,3
1537,27
1550,10
1554,27
1555,3
1556,27
1578,3
1582,27
1603,27
1606,3
1616,3
1620,27
1626,3
1629,11
1631,3
1639,3
1645,27
1647,10
1648,10
1651,10
1652,3
1656,3
1671,27
1673,3
1677,3
1682,3
1685,3
1686,27
1689,3
1693,27
1695,3
1699,148
1703,3
1708,27
1709,27
1722,10
1725,145
1731,3
1732,3
1747,3
1749,3
1752,27
1766,10
1769,1
1771,3
1778,3
1786,27
1788,44
1807,27
316,112
1826,27
1829,148
1836,89
1840,112
1847,27
1864,27
1867,27
1919,3
1936,3
1955,3
1976,3
1997,3
2000,27
2001,10
2012,27
2027,27
2030,3
2036,3
2061,27
2062,27
2070,27
2072,234
2092,27
2094,3
2095,17
2101,17
2102,13
2103,3
2111,27
2119,10
2121,3
2125,196
2144,27
2161,12
2173,145
2204,27
2209,27
2217,3
2218,3
2231,179
2242,3
2243,3
2244,3
2265,3
2270,3
2276,3
2286,148
2295,148
2294,148
2335,3
2341,3
2345,3
2348,3
2349,3
2350,3
2351,112
2355,3
2361,3
2369,3
2373,3
2376,3
2379,3
2381,3
2392,3
2393,3
2396,3
2397,3
2408,25
2410,3
2425,27
2428,3
2436,3
2444,3
2450,3
2451,27
2522,1371
2549,27
2601,3
2609,27
2610,3
2612,112
2613,3
2614,3
2616,3
2618,3
2626,27
2629,3
2634,112
2637,3
2638,3
2639,112
2658,3
2660,3
2665,27
2668,3
2679,3
2681,3
2682,3
2684,3
35363,3
2687,3
2691,3
2692,27
2694,3
2696,112
2705,112
2706,3
2707,148
2709,10
2710,22
2711,27
2718,27
2727,3
2729,27
2730,44
2749,27
2753,3
2755,3
2765,3
2767,3
35352,3
2775,17
2779,27
2786,27
2791,112
2793,10
2802,3
2809,27
2810,27
2815,133
2820,3
2825,27
2841,27
2851,112
2858,10
35330,10
28936,3
2868,3
2876,112
2888,4
2893,27
28934,3
2903,3
2914,112
2918,112
2920,112
2928,112
2937,3
2942,112
2943,112
2946,112
2954,3
2962,112
2966,112
2972,112
2976,112
2979,112
2988,112
3001,43
3012,112
3015,112
3021,112
3027,112
3036,3
3050,27
3059,3
3071,27
3083,148
3091,3
3094,3
3100,27
3102,788
3164,27
3191,3
3209,3
3214,3
3220,112
3221,3
3225,112
3234,112
3238,112
3239,27
3240,3
3244,112
3253,112
3265,18
3291,27
3310,17
3329,10
3331,112
3344,3
3347,3
3354,27
3364,1
3366,25
3373,3
3391,3
3397,3
3398,10
3399,148
3401,3
3402,10
28999,3
3412,73
3415,148
3416,10
3419,112
3423,112
3431,3
3438,3
3440,27
3443,10
3462,27
3466,112
3496,3
3500,1371
3505,160
3507,10
3516,112
3538,112
3545,112
3548,3
3569,112
3575,112
3577,3
3578,112
3603,27
3605,4
3611,112
3615,3
3623,112
3625,112
3644,112
3645,112
3651,112
3659,315
3661,148
3666,3
3694,148
3699,27
3702,112
3705,3
3707,3
3708,27
3713,3
3733,148
3750,27
3751,27
3758,27
3761,3
3762,27
3766,112
3768,112
3775,11
3786,112
3787,160
3788,3
3790,3
3793,3
3794,3
3796,3
3797,29
3810,89
3812,112
3822,89
3834,112
3849,3
3857,3
3858,27
3870,89
3882,3
29072,3
3896,112
3900,27
3916,27
3921,3
3927,27
3932,10
3946,3
3955,112
3958,27
3972,3
3979,3
3981,27
3987,3
4028,112
4034,4
4056,3
4066,27
4070,281
4089,3
4130,66
4137,27
4142,27
4161,27
4173,3
4199,3
4200,27
4205,79
4207,3
4228,3
4229,27
4237,27
4251,27
4253,27
4259,3
4261,167
4269,79
4283,3
4290,3
4313,3
4321,3
4346,10
4351,27
4362,44
4371,27
4374,3
4380,44
4395,3
4398,3
4400,27
4404,349
4405,3
4408,3
4416,3
4421,3
4427,3
4429,3
4432,3
4438,3
4440,3
4444,3
4446,79
4450,3
4458,3
4462,3
4465,3
4478,3
4485,3
4490,44
4491,3
4521,3
4534,27
4548,3
4586,1
4588,1
4594,355
4613,3
4616,27
4620,3
4629,27
4635,148
4636,3
4639,148
4641,18
4676,3
4677,27
4679,27
4680,167
4705,27
4706,3
4719,112
4729,44
4731,3
4733,112
4743,148
4744,112
4754,3
4768,27
4778,27
4792,27
4800,154
4818,148
4830,27
4857,3
4875,112
4876,44
4879,3
4885,27
4889,10
4892,4
4895,1
4911,27
4915,148
4919,11
4931,112
4933,27
4942,148
4946,27
4951,3
4970,3
4998,3
5032,112
5035,3
5036,3
5038,112
5047,3
5054,11
5058,112
5063,148
5079,148
5096,3
5099,148
5110,27
5114,265
5116,3
5120,374
5124,3
5128,3
5151,3
5159,112
5165,3
5168,3
5178,3
5184,3
5208,3
5209,11
5210,3
5211,3
5212,27
5213,17
5230,27
5233,27
5241,27
5247,3
5252,148
5271,3
5272,3
5273,3
5275,112
5280,179
5284,27
5286,112
5287,112
5289,160
5290,148
5302,3
5303,3
5310,3
5316,112
5326,3
5327,3
5330,27
5440,148
5480,27
5492,3
5505,3
5509,112
5513,3
5519,3
5539,10
5574,3
5576,3
5577,27
5582,3
5589,3
5595,3
5605,148
5622,392
5624,3
5626,27
5631,11
5637,11
5638,3
5648,133
5650,3
5654,3
5656,27
5675,6
5693,27
5700,3
5707,374
5722,3
5727,11
5739,1
5741,3
5751,27
5762,21
5771,10
5793,44
5800,148
5805,74
5825,148
5829,112
35283,3
5833,27
5851,27
5857,4
5858,3
5862,3
5869,27
5879,133
5885,148
5890,3
5891,27
5896,3
5901,27
5902,27
5905,148
5928,3
5930,112
5935,27
5936,112
5946,27
5958,252
5969,112
5973,148
5977,3
5980,27
5982,27
5983,3
6000,27
6008,27
6009,27
6012,3
6019,10
6021,3
6042,10
6060,18
6065,3
32372,216
6068,11
6075,27
6094,65
6100,148
6103,27
6119,3
6133,1
6142,3
6152,3
6158,10
6159,27
6172,27
6174,148
6184,148
6192,3
6195,179
6212,3
6239,27
6250,148
6253,3
6261,3
6262,27
6263,3
6270,27
6278,3
6280,3
6287,264
6290,10
6291,3
6303,27
6310,27
6315,27
6330,89
6347,27
6355,3
6364,3
6376,3
6386,27
6392,11
6400,148
6404,44
6416,1
6432,1
6435,10
6439,27
6446,1
6458,3
6461,10
6467,3
6473,148
6474,3
6488,27
6495,13
6498,27
6504,10
6505,10
6510,27
6520,3
6526,3
6535,148
6543,148
6550,3
6569,10
6570,27
6585,27
6592,148
6611,27
6616,3
6643,27
6658,3
6662,27
6664,3
6667,27
6670,10
6679,10
6685,3
6690,27
33317,112
6697,10
6699,148
6738,3
6745,27
6750,10
6754,3
6756,4
6780,11
6789,11
6790,3
6832,3
6849,148
6850,27
6853,148
6858,3
6866,10
6901,27
6903,3
6937,44
6950,3
6955,1
6968,3
6970,3
7005,3
7006,3
7015,3
7028,3
7045,3
7047,3
7054,112
7057,3
7076,3
7114,3
7137,3
7158,1
7159,10
7163,3
7164,3
7169,27
7191,3
7194,3
7202,3
7204,79
7210,89
7218,10
7225,3
7226,3
7227,3
7235,1
7250,27
7252,10
7269,3
7275,3
7279,27
7283,3
7285,3
7303,3
7308,3
7318,3
7330,3
7344,430
7346,27
7356,27
7361,3
7362,3
50940,3
7370,27
7381,3
7384,3
7400,3
7403,3
7407,27
7425,3
7435,3
7436,89
7444,27
7446,3
7451,27
7474,4
7475,3
7476,3
7482,10
7498,3
7499,3
7506,27
7507,27
7509,3
7515,3
7516,3
7522,10
7523,3
7527,3
7528,3
7537,27
7542,3
7543,3
7546,3
7548,3
7550,3
7582,3
7602,3
7603,27
7652,3
7659,3
7664,3
7679,3
7680,3
7683,3
7686,3
7691,27
7692,3
7700,3
7701,3
7710,3
7718,3
7730,167
7731,3
7733,3
7758,3
7771,27
7775,3
7777,44
7784,3
7788,112
7799,3
7804,3
7817,3
7818,3
7822,3
7824,112
7832,11
7834,3
7847,3
7850,1
7852,3
7861,3
7866,3
7869,3
7872,3
7894,27
7896,3
7910,3
7928,3
7940,27
7944,27
7947,27
7959,3
34917,3
7964,112
7972,11
7973,3
7976,3
7978,3
7987,10
8000,3
8001,3
8007,10
8010,248
8011,3
8013,3
8014,3
8019,27
8024,112
8026,27
8032,27
8042,10
8043,3
8048,27
8069,3
8072,112
8083,25
8093,112
8096,1
8104,10
8105,3
8107,3
8114,29
8125,27
8128,10
8141,10
8142,3
8150,27
8152,112
8158,27
8165,3
8176,3
8177,27
8186,3
8191,112
8194,29
8202,10
8221,112
8225,3
8228,3
8235,3
8237,112
8243,112
8244,162
8257,112
8261,112
8266,3
8270,10
8272,112
8274,10
8275,112
8276,27
8283,27
8285,112
8289,112
8292,10
8297,112
8308,3
8310,3
8316,3
8322,112
8336,112
8349,112
8367,11
8368,9
8372,3
8373,74
8376,3
8382,27
8384,264
8389,112
8396,25
8405,112
8410,112
8411,10
8412,112
8419,27
8426,179
8431,27
8432,112
8471,27
8472,27
8477,3
8480,112
8491,3
8498,3
8511,3
8521,18
8531,112
8532,112
8539,112
8543,112
8545,3
8547,112
8548,387
8553,112
8563,112
8568,112
8573,112
8574,27
8576,112
8577,27
8582,112
8587,3
8589,27
8592,112
8606,112
8613,112
8625,3
8631,10
8632,112
8633,3
8638,167
8639,112
8642,3
8643,112
8651,112
8695,3
8696,112
8697,10
8705,112
8707,148
8717,27
8722,196
8724,4
8726,112
8727,27
8732,89
8735,27
8737,3
8743,27
8748,112
8754,112
8761,112
8762,3
8763,112
8764,112
8803,112
8809,112
8815,10
8822,225
8838,3
8852,112
8856,11
8860,27
8862,3
8868,27
8872,27
8873,27
8899,3
8903,112
8909,112
8910,112
8911,112
8920,112
8930,27
8935,10
8947,112
8954,449
8997,27
9000,3
9026,10
9028,18
9036,27
9049,27
9063,3
9065,3
9073,112
9081,3
9095,3
9098,112
37574,112
9134,3
9136,3
9137,27
9140,3
9164,27
9179,3
9180,112
9182,10
9190,10
9192,3
9219,112
9224,112
9225,3
9232,27
9259,10
9260,3
9263,27
9271,27
9280,160
9294,3
9304,27
9311,112
9333,3
9339,112
9344,112
9352,112
9378,227
9381,3
9382,27
9418,10
9455,3
9461,3
9465,27
9473,3
9475,4
9481,3
9494,252
9495,3
9505,112
9518,3
9522,3
9527,3
9530,3
9538,3
9544,10
9545,3
9547,3
9549,45
9559,3
9568,3
9570,112
9576,33
9579,10
9592,112
9597,112
9609,3
9628,3
9631,3
9640,27
9647,3
9674,112
9684,3
9694,27
9696,3
9730,27
9733,27
9748,27
9750,3
9779,3
9783,27
9798,148
9808,3
9813,112
9827,3
9848,11
9850,27
9873,497
9883,3
9895,3
9899,27
9915,3
9918,10
9922,10
9925,3
9953,3
9955,3
9959,3
10020,3
10031,3
10034,3
10057,3
10070,3
10100,4
10114,3
10117,27
10119,10
10123,3
10143,10
10151,3
10152,3
10160,3
10166,27
10167,3
10170,3
10174,193
10175,3
10181,3
10187,3
10188,3
10189,3
10190,3
10205,222
10208,3
10210,3
10219,3
10222,112
10227,3
10237,10
10243,148
10256,27
10273,3
10276,3
10285,507
10291,27
10292,27
10294,4
10296,27
10317,27
10318,27
10327,27
10330,27
10335,449
10345,3
10347,112
10361,3
10381,27
10382,1
10384,148
10387,4
10395,3
10397,3
10408,27
10413,3
10421,3
10431,449
10446,3
10449,3
10450,3
10452,3
10454,3
10461,27
10463,3
10465,3
10470,3
10471,4
10474,3
10482,449
10483,44
10489,112
10498,27
10504,3
10511,1
10516,27
10528,239
10529,3
10532,27
10538,148
10544,1
10547,27
10486,44
10559,100
10561,27
10568,493
10574,27
10579,3
10582,12
10583,148
10586,27
10588,27
10594,3
10599,3
10602,3
10603,44
10650,27
10651,3
10657,11
10681,10
10682,27
10691,10
10707,3
10736,3
10739,3
10741,3
10762,3
10765,3
10771,3
10780,3
10785,3
10786,3
10791,3
10794,3
10796,3
10802,3
10803,3
10806,3
10815,3
10821,1
10822,3
10824,3
10834,3
10838,3
10844,148
10859,25
10898,3
10900,44
10955,3
10956,3
10967,3
10970,3
10971,3
10984,3
11005,27
11007,27
11009,27
11018,3
11028,3
11030,3
11038,3
11043,3
11047,1
11063,27
11070,3
11072,27
11093,3
11106,4
11110,112
11111,3
11115,44
11116,3
11118,148
11131,3
11134,3
11140,3
11142,89
11155,27
11159,3
11162,112
11165,3
11167,3
11169,3
11171,3
11177,27
11178,3
11186,3
11187,3
11189,3
11190,3
11194,112
11196,11
11201,3
11203,4
11204,3
11210,248
11213,3
11233,27
11234,3
11240,148
11241,3
11246,3
11249,10
11264,27
11280,112
11293,3
11303,112
11308,27
11313,3
11314,3
11317,3
11320,27
11322,3
11324,201
11325,3
11328,10
11330,27
11350,3
11358,10
11367,3
11373,27
11374,4
11403,27
11445,65
11455,27
11465,3
11469,3
11474,29
11485,27
11507,27
11509,43
11544,112
11550,3
11554,27
11556,3
11578,13
11594,10
11595,3
11598,3
11602,3
11604,27
11608,3
11618,3
11631,201
11635,11
11645,3
11661,27
11664,3
11665,27
11666,148
11668,3
11673,27
11675,11
11676,3
11695,148
11698,27
11706,3
11712,27
11725,27
11740,27
11742,3
11755,27
11762,3
11764,3
11770,10
11775,3
11776,148
11777,27
11790,3
11793,3
11797,3
11817,3
11820,148
11824,3
11825,148
11829,3
11844,3
11851,27
11852,3
11854,3
11859,27
11868,112
11869,11
11882,3
11884,112
11891,27
11901,3
11905,3
11911,27
11913,27
11925,3
11931,3
11954,3
11959,112
11961,3
11970,3
11978,27
11988,3
11991,3
11997,112
11998,27
12001,3
12039,3
12050,3
12061,3
12064,3
12065,3
12071,11
12081,112
12083,18
12084,3
12087,3
12090,10
12091,27
12095,3
12098,3
12105,3
12106,3
12112,3
12115,3
12119,3
12121,10
12123,148
12125,3
12131,112
12136,112
12147,3
12148,27
12149,10
12161,3
12162,27
12164,3
12180,27
12189,10
12191,3
12192,3
12196,3
12207,27
12211,112
12213,3
12222,3
12223,3
12225,11
12227,27
12228,10
12236,12
12263,27
12281,27
12293,3
12300,3
12312,3
12314,3
12345,148
12349,3
12378,25
12379,27
12400,27
12404,27
12421,3
12423,112
12427,3
12433,3
12432,3
12520,3
12526,148
12531,27
12534,3
12541,148
12543,27
12545,4
12572,3
12575,27
12584,148
12595,3
12659,3
12665,27
12666,148
12669,11
12672,3
12675,27
12683,3
12700,1
80269,3
12723,3
12745,3
12760,3
12766,10
12796,27
12815,10
12837,3
12838,3
12848,11
12850,65
12852,3
12861,148
12865,27
12871,3
12876,10
12877,4
12883,27
12885,3
12893,4
12904,3
12910,112
12927,162
12933,112
12942,18
12944,3
12997,27
12998,27
13002,193
13009,3
13013,3
13015,3
13018,27
13034,27
13054,3
13066,3
13067,27
13068,27
13085,3
13088,27
13093,3
13098,3
13100,10
13105,148
13111,27
13125,3
13127,3
13128,3
13131,3
13148,3
13163,27
13178,156
13204,148
13207,3
13242,3
13245,27
13258,3
13271,3
13277,3
13280,10
13285,27
13304,10
13312,3
13320,27
13338,10
13346,3
13366,3
13385,27
13392,10
13418,27
13422,1
13423,27
13429,10
13437,3
13438,27
13448,27
13458,3
13473,148
13483,148
13492,27
13498,27
13513,3
13526,196
13530,27
47556,4
80601,11
13574,89
13580,148
13593,89
13604,3
13627,3
13653,4
13654,3
13663,27
13701,3
13702,1
13709,160
13720,41
13725,11
13735,3
13743,112
13749,3
13761,193
13763,10
13764,3
13765,10
13766,38
13767,3
13773,3
13792,11
13793,148
13805,27
13808,3
13811,3
13813,27
13821,10
13822,148
13851,3
13855,10
13874,3
13895,27
13899,27
13902,27
13925,112
13932,27
13936,27
13955,3
13961,3
13973,27
13980,3
13998,148
14007,3
14013,3
14015,15
14021,3
14029,3
14041,3
14072,3
14075,92
14076,3
14086,10
14090,27
14110,148
14111,112
14133,3
14140,27
14146,10
14164,27
14171,3
14186,27
14210,3
14213,3
14217,3
14220,229
14247,27
14260,3
14269,10
14271,27
14274,27
14276,588
14278,27
14285,25
14290,3
14292,3
14294,3
14318,3
14320,3
14324,10
14327,3
14337,3
14366,3
13963,11
14386,201
14403,27
14408,4
14410,27
14412,27
14421,3
14423,27
14434,4
14436,148
14440,3
14447,27
14452,3
14463,3
14468,27
14467,3
14481,3
14487,27
14496,3
14498,112
14513,17
14520,27
14522,27
14550,10
14553,29
14554,3
14556,10
14565,3
14570,3
14577,3
14616,3
14620,3
14639,3
14643,3
14646,27
14661,11
14689,27
14705,10
14718,145
14731,10
14744,4
14770,3
14774,3
14786,3
14789,10
14803,3
77994,27
14808,44
14822,27
14827,27
14834,3
14871,179
14879,27
14883,3
14888,3
14908,3
14912,27
14920,3
14926,10
14935,10
14939,3
14976,27
14988,27
14989,3
15037,27
15051,3
15056,3
15057,27
15063,3
15064,3
15065,3
15078,27
15080,27
15084,112
15085,3
15087,27
15094,27
15097,3
15100,27
15105,148
15106,3
15109,3
15111,3
15114,3
15135,3
15163,27
15165,89
15185,3
15191,27
15192,27
15196,3
15204,27
15205,44
15224,3
15240,3
15249,3
15262,3
15263,148
15264,112
15277,3
15283,3
15285,3
15293,3
15301,3
15306,3
15311,3
15327,3
15337,112
15339,27
15346,10
15347,27
15350,27
15360,27
15374,3
15376,27
15386,27
15387,3
15388,3
15390,3
15391,3
15394,3
15396,4
15401,3
15416,10
15430,3
15432,3
15435,3
15438,3
15439,3
15450,27
15451,148
15454,3
15461,27
15463,4
15464,3
15471,3
15477,27
15487,27
15490,11
15505,10
15515,3
15523,3
15527,3
15528,3
15532,3
15548,170
15549,4
15557,3
15559,3
15569,27
15582,27
15590,3
15595,3
15597,3
15600,3
15604,3
15608,44
15618,27
15620,25
15622,3
15628,3
15633,3
15669,11
15681,3
15687,3
15698,3
15699,3
15703,3
15705,3
15708,3
15718,3
15726,3
15733,3
15739,27
15745,3
15747,3
14977,3
15752,3
15754,3
15758,3
15766,27
15769,3
15777,3
15780,3
15782,3
15785,3
15787,112
15795,3
15797,112
15800,3
15803,27
15811,3
15819,27
15828,3
15840,3
15859,3
15867,3
15871,3
15872,3
15874,3
15881,3
15887,3
15888,3
15890,112
15894,3
15896,3
15901,17
15917,10
15918,3
15926,27
15929,3
15941,3
15968,112
15990,3
16004,112
16016,27
16044,3
16045,3
16062,112
16064,27
16066,3
16073,3
16075,27
16081,3
16086,3
15654,4
15844,3
16108,3
16113,3
16130,3
16150,10
16157,1
16161,148
16163,89
50939,112
16179,3
16181,27
16185,27
16186,27
16190,3
16199,3
16232,112
16233,27
16241,27
16245,27
16248,27
16266,3
16280,3
16313,27
16321,11
16335,3
16336,112
16342,3
16350,3
16362,3
16366,3
16420,112
16422,148
16448,112
16458,3
16529,3
16530,27
16551,3
16583,112
16579,3
16585,3
16644,3
16690,27
16775,471
16785,112
16794,3
16808,29
16821,89
16822,27
16825,10
16850,11
16904,4
16907,27
16911,3
16924,112
16926,27
16939,27
16940,112
16944,112
16962,112
16963,112
16974,112
16984,3
16991,112
16993,3
16994,112
16995,112
16997,3
16998,112
17006,3
17024,3
17026,11
17037,3
17036,3
17038,112
17043,3
17048,112
17079,11
17096,27
17097,3
17098,112
17103,3
17116,3
17117,27
17119,27
17120,10
17133,112
17134,3
17148,112
17149,3
17160,43
17162,3
17165,43
17187,112
17189,27
17190,3
17197,112
17222,3
17243,112
17249,18
17258,3
17266,3
17272,112
17275,3
17277,112
17290,112
17291,112
17309,17
17311,112
17313,3
17321,112
17339,10
17347,17
17348,3
17358,112
17363,3
17374,112
17376,112
17392,112
17396,3
17402,3
17418,3
17419,3
17437,112
17438,27
17441,112
17456,3
17458,3
17459,3
17460,10
17463,112
17486,17
17487,3
17488,27
17489,3
17496,112
17511,3
17513,3
17517,27
17526,3
17534,112
17535,3
17547,27
17551,112
17555,3
17569,44
17581,3
17594,112
17595,112
17598,112
17600,10
17604,3
17605,27
17607,10
17610,3
17611,4
17617,4
17625,112
17629,112
17638,112
17645,112
17652,3
17654,10
17660,11
17661,3
17665,11
17666,25
17669,11
17672,112
17697,3
17639,4
17798,3
17808,12
17822,112
17827,3
17831,112
17835,27
17840,112
17843,497
17844,112
17850,112
17855,17
17857,112
17871,27
17875,3
17877,112
17878,3
17880,112
17896,27
17899,112
17923,148
17946,3
17947,112
17960,65
17967,27
17973,27
17974,10
17975,3
17978,27
17982,27
17989,3
17994,27
17998,27
18000,3
18007,3
18021,112
18025,27
18039,112
18044,27
18050,10
18053,148
18056,27
18063,3
18071,43
18079,112
18101,10
18104,3
18109,27
18120,3
18127,27
18136,27
18138,222
18142,4
18143,12
18181,3
18182,44
18195,246
18198,3
18215,27
18230,3
18240,27
18247,201
18263,27
18271,27
18281,3
78899,112
18295,471
18296,4
18305,148
18311,10
18322,27
18324,643
18328,3
18340,3
18344,54
18352,3
18371,27
18383,3
18384,3
18386,3
18394,27
18398,3
18402,112
18409,11
18412,3
18413,3
18414,11
78936,27
18419,10
18426,3
18431,27
18441,201
18449,27
18451,3
18458,27
18464,3
18465,27
18480,27
18481,3
18487,27
18491,27
18494,264
18550,11
18552,43
18553,11
18557,3
18559,3
18562,27
18564,3
18568,3
18569,27
18579,3
18581,11
18583,3
18586,3
18597,3
18610,27
18611,3
18614,3
18624,3
18629,3
18630,3
18644,148
18645,27
18646,3
18654,112
18671,3
1319,205
18693,3
18705,3
18710,27
18717,112
18725,3
18729,3
18733,112
18736,3
18744,3
18749,112
18757,11
18763,112
18766,27
18772,112
18775,89
18785,112
18795,112
18812,162
18841,3
18843,355
18856,27
18861,45
18867,27
18868,148
18901,44
18904,3
18911,3
18912,27
18918,3
18919,27
18922,27
18923,27
18924,3
18956,3
18964,27
18992,10
19004,27
19006,3
19039,3
19046,25
19080,27
19094,27
19110,3
39908,869
50911,27
19121,3
59471,3
19145,3
29209,3
19157,27
19158,65
19159,3
19161,3
26945,3
19209,3
19217,3
19248,3
19250,3
19251,179
29205,29
19256,3
19260,27
55853,27
19274,32
19277,10
19312,27
50854,3
19334,3
19338,3
19383,112
19385,10
19390,3
19392,10
19407,27
19411,3
19424,3
19428,3
19430,3
19434,10
19441,148
19454,3
19457,112
19459,3
19463,25
53419,4
19470,179
19471,10
19473,27
19493,3
19495,4
19501,27
19503,3
19522,3
19525,3
19532,27
19539,3
19542,3
19570,148
19571,148
19607,27
19630,27
19646,3
19650,29
19677,27
19686,27
19698,27
19725,11
19728,3
19732,4
19734,27
19743,44
19744,27
77568,10
19764,3
19770,3
19780,3
19797,10
19814,3
19816,27
19817,27
19822,3
19824,27
19859,27
19860,3
19874,27
19898,3
19900,4
19911,3
19922,3
19932,3
19942,3
19943,3
19945,3
19964,3
19971,10
19983,3
19996,3
19999,3
20005,3
20006,10
20008,3
20027,27
20032,10
20036,10
69692,3
20039,3
69526,4
20056,27
20069,3
20071,27
20097,27
20104,11
20110,3
20124,3
20127,11
20130,3
20158,3
20167,27
20176,3
20184,3
20193,27
20196,3
20198,3
20217,3
20233,3
20243,3
20244,3
20254,3
20259,3
20260,3
20273,44
20274,3
20276,3
20277,3
20288,3
20291,3
20293,27
35329,27
20303,27
20309,27
20336,3
20338,3
20366,3
20372,3
20374,27
20396,3
69318,27
20419,27
20428,27
20431,27
20442,27
20449,3
20465,27
20471,148
20474,27
20477,3
20481,27
20499,3
20517,3
20519,3
20550,3
20579,3
20581,27
20582,112
20597,27
20608,27
20616,471
20652,10
20659,27
20660,10
20664,3
20677,3
20700,89
20706,3
68472,3
20718,3
20727,3
67865,3
20772,44
20783,27
67699,3
20826,3
20831,27
67675,3
20840,3
21719,4
20851,3
20860,27
20862,13
20866,27
20898,3
20903,3
20918,10
20923,3
20926,27
20927,11
20928,3
20929,3
20945,3
20955,471
20969,179
20982,4
20983,4
20986,3
20993,27
21003,27
21006,3
21017,3
21020,21
21490,4
31121,3
21029,29
21030,3
21031,27
21033,3
31002,3
21038,3
21045,10
21052,27
21077,3
21096,3
21097,3
21112,27
21126,148
21131,3
21132,3
21134,3
21135,3
21140,3
21152,3
21154,3
21158,3
21160,3
50850,10
21170,179
21171,27
21184,27
21186,27
21188,27
21189,27
21190,4
21194,29
21197,27
21215,3
21217,3
21221,3
21226,3
21233,3
21234,3
21235,3
21245,44
21246,65
21251,3
21253,3
21262,27
21263,27
21274,3
21276,3
21281,3
21283,3
21286,27
21294,3
21304,3
21309,27
21317,29
21318,3
21325,112
21344,3
21346,27
50846,9
21351,3
21364,3
21366,27
21369,3
21380,3
21394,3
21402,3
21409,3
21418,3
21434,112
21437,27
21441,3
21442,27
21445,288
21447,27
21463,112
21470,3
21476,27
21482,27
21491,3
21496,27
21497,3
21507,179
21513,11
21515,3
21518,3
21521,3
21527,3
21530,27
21541,3
21550,3
21551,3
21563,3
21565,10
21568,15
21576,175
21587,3
21588,27
21618,3
21625,3
21627,3
21641,3
21639,29
21647,27
21655,27
21661,10
21669,27
21670,3
21672,3
21674,3
21697,27
21704,3
21708,3
21711,11
21716,112
21720,112
67464,112
32137,95
21741,27
21745,27
21757,27
21769,27
21770,3
21774,3
21778,112
67390,3
21796,3
21800,27
21801,27
21803,3
21805,3
21806,3
21818,3
21831,3
21832,3
21850,27
21851,148
21858,3
21869,112
21880,112
21883,112
21888,10
21893,27
21897,3
21898,3
21905,3
67190,3
21908,3
21917,112
21922,4
21929,25
21941,1
21947,27
21949,112
21951,3
21952,3
21954,3
21967,112
21971,3
21972,3
21977,27
21984,27
21991,3
21992,27
21993,112
22009,27
22013,27
22016,27
22025,10
22029,3
22043,112
22047,112
22053,27
22058,10
22065,3
22068,3
22087,3
22091,3
22097,3
22103,3
22109,3
22112,3
22231,4
22127,148
22128,3
22130,112
22142,3
22143,3
22150,3
22156,27
22159,3
22167,3
22169,112
22171,3
22182,112
22189,112
22191,112
22200,3
22205,27
22226,112
22228,112
22238,112
22239,112
22244,112
22253,162
22254,3
22259,112
22262,112
22264,112
22268,112
22276,27
22280,27
22284,27
22294,112
22310,148
22315,27
22319,112
22320,11
22329,27
22346,3
22363,148
22380,3
22390,148
22394,112
22409,148
22411,27
22414,3
22424,27
22468,112
22470,196
22473,3
22483,3
22485,27
22505,3
22509,112
22514,100
22519,4
22525,4
22540,3
22550,3
22553,27
22556,112
22563,3
22567,27
22568,112
22569,27
22583,3
22592,3
22597,27
22600,3
22602,148
22617,3
22626,148
22627,27
22629,3
22641,3
22651,112
22674,3
22681,112
22689,112
22691,112
22696,27
22707,10
22708,89
22715,112
22735,3
22751,112
22754,27
22764,27
22799,3
22801,3
22812,112
22813,112
22820,27
22825,10
22836,3
22837,3
22839,10
22870,56
22872,112
22879,3
22880,3
22885,3
22891,148
22895,89
22908,3
22911,3
22913,3
22924,3
65169,4
22604,4
22967,3
22968,3
22975,4
23006,3
23012,10
23023,3
23025,148
23030,148
23039,27
23052,374
23054,1
23056,3
23057,3
23070,3
23072,3
23075,27
23076,27
23094,3
23101,3
23104,11
23111,27
23114,27
23125,148
23126,3
23127,10
23129,22
23140,27
23162,3
23176,27
23179,112
23183,27
23184,112
23187,27
23200,3
23204,10
23205,148
23207,27
23218,112
23219,3
23224,3
23232,89
23234,160
23236,27
23244,3
23250,10
23252,27
23260,83
23261,10
23262,194
23263,3
23264,3
23276,27
23281,148
23294,3
23299,27
23312,27
23324,3
23341,27
23347,10
23350,65
23351,27
23353,3
23356,449
23363,3
23369,3
23384,10
23388,3
23395,4
23447,10
23452,3
23454,3
23455,148
23459,449
23465,32
23471,3
23477,3
23503,27
23527,248
23533,3
23536,3
23537,3
23538,95
23556,148
23558,3
23565,3
23579,3
23582,27
23589,3
23592,27
23602,27
23614,27
23618,27
23626,27
23628,148
23651,148
23657,3
23667,3
23677,3
23681,27
23682,27
23687,27
23689,3
23691,10
23724,22
23730,27
23733,27
23735,3
23737,27
23739,154
23749,27
23768,27
23776,3
23792,112
23796,27
23799,27
23813,112
23814,44
23817,264
23827,27
23842,89
23863,27
23868,89
23872,10
23873,3
23876,148
23891,27
23896,27
23909,3
23911,11
23913,3
23915,3
23922,27
23926,27
23931,3
23951,27
23958,3
23960,27
23964,27
23965,27
23968,11
23971,3
23981,3
23991,10
23997,27
24008,3
24020,3
24021,27
24023,27
24028,27
24031,3
24032,11
24033,27
24039,148
24040,3
24066,27
24067,3
24071,3
24083,10
24102,27
24104,44
24105,3
24111,3
24129,4
24130,27
24135,3
24140,27
24141,3
24153,65
24154,3
24157,10
24158,112
24161,3
60844,27
24172,3
24178,3
24179,148
24180,3
24185,3
24187,3
24188,65
24199,3
24201,3
24213,3
24230,11
24239,145
24242,27
24243,3
24248,1371
24250,27
24252,3
24256,3
24257,3
24259,3
24260,167
24267,3
24272,10
24274,3
24276,3
24289,27
24290,27
24298,27
24302,112
24305,3
24307,27
24311,3
24322,3
24329,112
24331,3
24332,3
24337,3
24352,3
24356,3
24358,3
24366,3
24370,27
24380,3
24382,27
24387,3
24393,44
24394,3
24399,3
24401,10
24404,27
24408,148
24423,27
24428,3
24431,3
24432,3
24434,3
24438,3
24441,27
24442,3
24450,10
24453,27
24456,27
24457,27
24460,44
24462,3
24464,27
24469,27
24470,3
24473,526
24476,179
24479,10
24480,27
24486,3
24491,27
24492,3
24496,3
24510,3
24511,3
24513,3
24514,27
24526,148
24533,27
24538,3
24547,3
24557,27
24566,3
24572,3
24583,148
24588,112
24589,3
24594,112
24614,10
24619,3
24623,27
24630,112
24639,3
24640,3
24644,3
24646,27
24671,3
24677,3
24685,3
24705,3
24718,160
24726,148
24742,3
24759,10
24779,3
24789,3
24818,27
24819,27
24831,27
24857,3
24864,112
24867,27
24871,95
24875,3
35327,3
24885,3
24900,3
24909,1
24916,3
24918,3
24940,3
24957,27
24967,3
24974,27
24975,3
24988,148
25002,41
25007,27
25017,27
25025,27
25046,27
25047,3
25048,89
25065,194
25072,148
25101,112
25103,3
25106,27
25107,27
25117,3
25122,112
25127,3
25129,65
25149,27
25150,3
25152,3
25157,3
25158,4
25180,162
25189,148
25200,3
25218,148
25224,11
25225,3
25241,27
25246,3
25247,196
25265,3
25272,112
25271,112
25275,3
25282,3
25283,3
25293,3
25305,27
25309,27
25312,112
25314,148
25316,3
25323,3
25347,3
25358,27
25370,112
25383,148
25385,3
25393,112
25407,3
25411,112
25416,3
25417,27
25429,3
25430,3
25431,3
25435,3
25461,10
25472,112
25474,27
25478,112
25488,112
25497,4
25499,4
25507,10
25509,112
25510,112
25511,3
25522,3
25529,27
25533,3
25534,3
25538,27
25539,112
25542,112
25544,3
25545,112
25552,112
25561,3
25564,148
59854,3
25583,148
25584,148
25588,27
25589,10
25594,148
25600,3
25605,3
25609,69
25621,3
25640,112
25643,112
25649,3
25654,3
25656,27
25664,112
25671,3
25672,3
25676,112
25688,3
25704,112
25707,79
25711,27
25714,27
25718,148
25722,148
25725,148
25740,148
25749,148
25750,148
25763,148
25768,112
25770,3
25780,112
25796,3
25798,27
25807,112
25812,3
25820,112
25822,148
25823,148
25825,10
25827,3
25828,3
25829,27
25832,148
25837,44
25853,3
25893,112
25899,565
25900,148
25901,148
25903,3
25904,27
35317,3
25907,3
25913,112
25917,112
25924,112
25928,3
25929,3
25950,3
25955,3
25957,148
25958,11
25960,3
25962,3
25964,44
25965,3
25975,3
25998,112
26024,3
26025,3
26026,27
26031,3
26037,565
26043,112
26044,10
26054,148
26056,148
26058,148
26061,148
26065,148
26067,148
26068,3
26075,27
26077,148
26078,3
26090,27
26097,27
26099,3
26107,27
26117,3
26118,27
26122,3
27448,3
26131,65
26134,3
26137,148
26138,3
26143,3
26152,148
26169,3
26174,27
26178,112
26190,27
26196,3
26212,3
26226,3
26227,3
26234,27
26238,27
26239,3
26240,27
26242,3
26243,27
26244,3
26253,3
26262,3
26265,3
26290,148
26295,3
26296,27
26301,3
26302,3
26310,3
26312,3
26315,3
26316,27
26317,3
26338,112
26344,27
26345,3
32970,4
26347,89
26354,27
26356,27
26357,3
26358,179
26363,27
26364,27
26371,148
68436,148
26382,27
26390,27
26394,3
26395,3
26400,148
26401,3
26403,27
26405,27
26407,3
26411,27
26416,148
26417,148
26418,148
26420,3
26421,3
26429,175
26430,148
26439,3
26445,3
26474,148
26476,3
26477,3
26479,27
26482,3
26484,27
26491,11
26494,27
26495,148
26497,6
26499,112
26510,27
26511,148
26522,148
26546,27
26550,10
26579,3
26581,148
26596,148
26619,3
26624,148
26636,3
26649,148
26650,148
26655,148
26661,18
26663,27
26667,148
26669,27
26671,3
26189,3
26679,148
26680,148
26700,3
26701,3
26707,27
26725,148
26734,148
26744,148
26756,3
26767,148
26775,3
26785,148
26788,148
26789,383
26792,148
26795,27
26797,27
26798,148
26802,112
26805,148
26808,119
26810,10
26812,142
26827,148
26828,248
26834,148
26835,148
14542,3
14709,3
26857,10
26860,27
26861,148
26864,148
26868,148
26869,10
26871,3
14889,3
26897,148
26899,148
26905,65
26914,148
26918,148
26921,148
26923,148
26928,148
26930,3
26935,148
26944,10
26948,112
26967,3
26973,148
26987,112
27002,27
27013,10
27019,3
27047,3
27058,27
27068,10
27077,148
27079,27
27081,4
27084,10
27088,10
27090,3
27092,3
27096,11
27098,148
27102,264
27103,27
27115,148
27146,148
27147,3
27149,3
27150,44
27154,148
27156,179
27160,148
27168,148
27182,3
27188,13
27198,148
27204,44
27206,148
27212,148
27221,27
27223,27
27226,148
27235,3
27237,10
27238,3
27239,3
27240,3
27246,3
27248,3
70062,11
27261,27
27270,148
27277,4
27279,148
27282,3
27296,3
27297,27
27302,3
27304,3
27306,3
27310,3
27311,148
27312,3
27313,148
27320,3
27323,112
27332,27
27343,3
27352,148
27353,148
27363,10
27364,148
27365,3
27372,27
27384,4
27386,3
27390,3
27392,3
27402,10
27413,148
27417,3
27424,3
27425,3
27429,3
27431,148
35279,27
35269,3
27463,3
27471,27
27481,27
27486,148
27490,3
27509,3
27519,3
27536,89
27542,148
27553,4
27562,148
14517,196
27590,3
27592,148
27604,3
27619,3
27629,10
24828,3
27633,65
27637,10
27644,3
27647,148
27648,3
27651,3
27677,3
14346,3
27705,3
27720,18
27722,3
27738,27
27740,27
27741,3
27751,3
27752,65
27756,3
27763,3
27768,3
27769,3
50998,225
27784,3
27791,89
35264,3
27825,3
27827,27
27829,3
35261,3
27833,3
35256,3
27839,27
27841,27
109,3
35249,264
27872,11
35248,27
607,3
27888,3
637,4
35247,3
35246,3
35240,3
35230,3
35223,3
35219,3
27932,148
27937,25
27939,25
27948,148
27949,27
27950,3
27951,773
27956,774
35213,3
35201,3
27965,4
27971,3
35199,148
28024,4
28031,3
35198,160
28048,3
28055,27
28060,148
28072,12
28117,3
28122,3
28129,3
15965,3
28149,148
28158,3
28163,148
28164,27
28189,27
28190,3
28191,27
1405,3
28199,148
28200,112
28202,10
28207,3
28221,216
28227,25
28228,3
28233,3
28243,3
28253,11
28259,216
28272,3
28276,4
28285,3
28287,10
28291,374
28293,27
28307,10
1676,3
28326,112
28335,27
28336,27
28338,3
28343,3
28347,3
28348,27
28350,3
28358,3
28366,3
28388,222
28401,10
28413,3
28422,3
28432,4
28433,3
28436,4
28469,27
28472,3
28474,3
28480,27
28490,3
28492,3
28498,193
28514,3
28519,27
28521,3
28522,3
28527,3
28532,27
28533,3
28535,3
28544,3
28551,3
28554,3
28555,4
28557,3
28558,3
28559,3
28560,3
28562,3
28563,3
28565,3
28570,27
28584,148
28590,27
28591,3
28597,3
28602,3
28604,3
28608,3
28610,27
2035,3
28612,3
28622,3
28632,3
28635,3
28636,3
28640,3
28646,3
28649,3
28657,4
28658,3
28662,3
28672,27
28676,3
28681,27
28684,3
28694,4
28696,3
28699,3
28707,3
28708,112
28710,3
28723,3
28730,92
17520,3
28749,27
28751,1
28752,3
28753,3
28763,3
28772,3
28775,278
28778,3
28780,3
28781,3
28782,148
28785,3
28788,112
28790,3
28793,27
28794,12
28797,12
28800,79
28807,3
28815,3
28816,3
28821,3
28824,11
28830,3
28836,27
28852,3
28853,3
28862,112
28866,3
28867,3
28870,27
28872,3
28881,89
28892,3
28897,112
28903,27
28968,3
28973,27
28980,148
17726,3
17783,3
29001,3
3599,4
17909,3
29007,25
17956,27
17971,27
29010,3
29011,225
29012,3
29018,3
29019,27
35313,244
29028,3
29031,3
29036,3
29052,3
29056,3
18857,112
4223,10
29088,10
29090,3
29095,193
29098,3
29101,3
29104,3
29109,3
50841,3
29111,27
4343,179
29113,348
29120,4
29121,10
29124,3
29132,1
29133,3
29137,148
29141,44
29147,3
29151,27
29152,3
29161,27
29163,3
29165,89
29169,27
29176,112
29180,27
29181,3
29183,27
29184,27
29197,3
19147,27
29212,10
29224,44
29234,3
29238,3
29241,112
29263,3
29266,27
29265,3
4453,44
29269,3
29274,3
29290,3
29291,3
29292,3
29304,27
4605,27
4626,95
29322,112
29327,10
29332,10
29334,1
29337,4
29341,3
29355,27
29357,3
29359,3
29360,493
29363,44
29365,3
29368,3
29371,148
29388,112
29399,10
29411,112
29413,112
29419,3
29421,27
29429,3
29432,3
29433,3
29434,112
29436,112
29438,3
29446,3
29455,112
29462,3
29463,3
29467,112
29471,112
29484,27
29486,112
29488,12
29492,3
29493,112
29494,112
29499,112
29506,3
29507,112
29508,10
29521,3
29522,27
29525,27
29528,3
29530,3
29534,3
29541,112
29548,27
29550,27
29554,3
29563,216
29564,65
29570,3
29571,27
29577,3
29583,3
29585,27
29587,27
29599,3
29601,3
29607,148
29611,112
29625,112
29626,13
5090,3
29629,112
29633,3
29635,706
29636,112
29659,27
29663,3
29664,27
29666,10
29669,27
29671,38
29686,196
29689,10
29690,112
29691,18
29697,3
29698,18
29706,10
29742,148
29743,148
29757,3
65578,27
29777,148
29783,112
29790,27
29791,3
29794,3
29812,3
29813,11
29817,148
29820,3
29824,27
29828,3
29829,27
29852,3
29856,374
29860,3
29874,3
29878,3
29881,3
29900,3
29902,112
29903,201
29904,10
29912,3
29916,3
29917,27
29932,27
29936,148
29941,3
29950,15
29956,3
29962,10
29967,3
29969,216
29975,148
29995,112
30001,3
30003,27
30008,27
30009,167
30016,27
30018,216
30023,3
30034,3
30036,27
30043,27
30055,148
30071,89
30078,148
30080,3
30082,112
30085,95
30088,27
30093,27
30098,27
30114,148
30115,179
30116,3
30118,194
30120,27
30121,3
30125,3
30127,148
30129,3
30133,3
30137,3
30143,3
30158,3
30170,3
30172,3
30178,3
30180,216
30181,27
30194,3
30207,3
30251,112
30255,27
30261,112
30271,160
30276,27
30280,27
30284,349
30285,4
30300,4
30303,3
30305,27
30306,112
30308,148
30309,27
30312,112
30318,27
30328,112
30332,112
30343,112
30348,79
30352,27
19904,11
30372,216
30413,3
30423,3
30429,27
30430,3
30450,148
30485,12
30494,3
30496,27
30500,112
30502,148
30516,281
30531,27
30532,27
30533,112
30544,112
30545,112
30548,3
30555,3
30562,216
30570,25
30572,3
30577,3
30578,3
30591,148
30593,27
30605,3
30616,27
30619,3
30620,112
30629,10
30631,112
30632,27
30635,112
30658,27
30695,27
30699,27
30702,112
30703,3
30714,3
30717,27
30718,27
30720,27
30723,3
30735,112
30736,27
30737,27
30744,1
30745,27
30755,27
30756,27
30790,27
30795,12
30801,1
30810,112
30811,3
30833,27
30857,27
30860,3
30861,3
30870,12
30875,3
30882,148
30888,374
30916,27
30918,12
30926,3
30937,3
30939,12
30943,148
30944,449
30948,3
30954,10
30956,3
30964,3
30977,10
50819,27
30983,3
30990,3
31005,3
31006,27
31007,27
31015,3
31018,449
31020,3
31024,27
31029,12
31030,3
31034,3
31040,3
31045,3
31049,3
31061,27
31079,3
31093,27
31095,449
31096,27
31104,3
20979,27
31111,3
21012,27
31113,493
31114,3
31127,3
31128,27
31132,3
31135,27
31136,27
31142,27
31151,4
31153,27
31154,27
31158,27
31163,27
31165,27
31176,3
31187,27
31196,3
31198,27
31201,3
31214,112
31229,3
31231,112
31237,27
31238,10
31268,112
31287,216
31289,27
31324,27
31329,27
31345,3
31347,148
31351,89
31367,148
31369,315
31371,3
31372,3
31394,27
31403,4
31409,10
31416,27
31418,526
31431,4
31435,27
31436,11
31443,3
31445,3
31446,775
31459,27
31466,3
31467,11
31472,3
31473,112
31475,3
31476,3
31478,27
31480,27
31486,216
65662,216
31489,27
31504,3
35191,27
31515,27
31517,3
31519,27
31523,3
31526,3
31529,3
31544,3
31557,112
31570,3
31581,3
65660,3
31614,148
31617,148
31646,27
31648,3
31656,12
31668,25
31681,3
31694,27
31701,27
31710,3
31715,12
50799,112
31730,3
31749,3
31758,148
31768,3
31769,27
31786,3
31793,3
31797,27
31803,3
31809,89
31813,3
31814,1
31821,3
31830,3
31833,3
31836,3
31838,3
31840,112
31841,112
31843,27
31844,27
31850,4
31851,3
31857,193
31859,11
31864,44
31869,3
31875,10
31878,3
31879,27
31880,27
31889,3
31906,3
31921,4
31910,10
31925,27
31941,216
31947,27
31948,216
31954,3
31955,3
31959,27
31971,10
31984,3
31987,4
31989,3
31990,3
31996,374
31998,3
32014,3
32015,4
32023,526
32035,27
32041,3
32043,3
32073,3
32074,3
32076,3
32078,112
32080,3
32081,3
32088,3
32098,148
32111,27
32123,100
32125,27
32133,79
32150,27
32152,27
32186,27
32189,27
32190,10
32195,27
32196,3
32208,10
32211,27
32234,27
32245,3
32316,216
64350,3
72379,27
64345,3
6014,3
32336,27
32338,10
32348,10
32350,4
32381,27
60047,3
32402,216
32406,27
32411,3
32416,27
32418,3
32422,216
32428,27
32430,3
32436,3
32439,3
32440,3
32450,10
32453,3
32478,11
32483,112
32488,248
32511,27
32520,3
32529,3
32530,3
32531,3
32532,10
32536,3
32537,148
32540,3
32545,27
32563,27
32570,3
32575,3
32579,3
32600,44
32604,3
32628,11
32636,27
32637,112
32660,3
32712,27
32722,10
32725,148
32726,148
32739,179
32747,3
32750,788
32751,3
32756,148
32757,11
32794,11
32822,3
32832,788
32838,3
32872,27
32971,3
32981,3
32984,27
32986,3
32989,1
32996,3
32999,3
33000,10
33003,3
33011,3
33012,3
33021,216
33034,3
33039,3
33051,27
33060,3
33061,3
33062,3
33063,3
33071,3
33077,3
33084,148
33085,27
33089,148
33097,112
33098,3
33099,3
33101,3
33106,3
33111,27
33115,1
33116,1
33117,3
33120,27
33121,3
33123,148
33138,148
33144,27
41894,27
41746,112
33149,3
33162,112
33166,148
33170,112
33175,27
33179,27
33182,27
33184,3
33185,1
33187,3
33190,3
33192,27
33194,3
33202,3
33225,3
33227,148
33234,3
33235,11
33242,27
33266,11
84504,3
33269,12
33281,3
33282,348
33290,27
33307,65
33309,3
33314,3
33327,3
33332,3
33333,27
33335,248
33336,27
33338,3
33346,3
33360,216
33362,27
40852,1
33374,3
33375,10
33377,3
33383,3
33391,27
33398,27
33412,148
33413,3
33416,3
33418,3
33419,27
33425,3
33441,3
33449,3
33457,148
33458,193
33464,10
33466,148
33467,3
33469,148
33470,27
40737,775
33475,374
40671,230
33486,3
33489,3
33500,3
33501,3
33516,3
33529,3
33540,27
33544,73
33549,27
33564,3
33568,27
33571,27
33587,27
33595,44
33596,27
33599,27
33601,27
33602,112
33607,10
33622,3
33629,112
33632,3
33635,3
33636,3
33658,27
33688,27
33689,27
33692,3
33697,27
33711,112
33714,3
33717,216
33728,112
33733,3
33750,11
33758,3
33763,3
33769,27
33784,27
33786,112
33787,3
33789,3
33797,27
33801,27
33803,3
33814,3
33816,3
33819,27
33820,112
33821,27
33824,112
33829,112
33833,112
33834,65
33836,3
33845,112
33847,112
33855,112
33862,112
33863,112
33869,112
33875,3
33877,112
33903,148
33908,112
33909,112
33918,112
33924,27
33933,3
33936,112
33941,27
33942,112
33988,27
33991,193
34008,3
34018,112
34029,112
34030,112
34031,112
34034,526
34047,112
34050,112
34055,27
34069,27
34070,27
34074,273
34082,3
34093,112
34100,3
34101,112
34104,3
34110,27
34119,12
34125,29
34126,27
34134,112
34136,27
34143,3
34162,27
34199,112
34206,27
34210,112
34213,27
34219,112
34220,112
34225,3
34246,3
34254,10
34262,27
34268,27
34275,27
34300,3
34309,27
34310,27
34326,27
34360,27
34361,216
34363,3
34372,27
34378,27
34379,12
34381,216
34386,18
34414,10
34418,3
7805,15
34449,3
34491,27
34524,10
34527,27
34541,27
34551,27
34555,27
34594,3
34622,27
34623,27
34684,27
34685,27
34686,3
34691,10
34710,3
34719,27
34721,27
34722,27
34745,119
34751,27
34756,248
34763,3
34770,3
34781,160
34812,12
34813,27
34816,27
34817,10
34836,27
34839,3
34845,248
34862,1
34863,3
34869,27
34872,27
34875,27
34890,27
34891,10
34893,3
34895,3
34899,3
35289,3
34916,3
36101,225
34927,27
34941,43
34955,27
8522,471
34794,160
35284,3
35034,3
32040,3
35042,12
35078,27
35095,27
35117,193
28223,3
35124,27
35132,3
35138,3
35142,3
35154,3
35157,3
35161,3
35163,3
35164,3
35165,3
35174,3
35181,3
35182,27
35366,3
35369,95
35370,3
35371,148
30520,27
30523,1
35402,27
35405,142
33576,27
35416,3
35422,449
35424,4
35428,27
33496,248
35448,3
35457,1
35468,11
35473,3
35481,449
35484,3
35487,27
35490,148
35493,27
35496,27
35497,3
35505,3
35513,3
35528,27
35529,112
35530,3
35532,3
30396,27
35579,65
35581,3
35583,11
35587,3
35596,3
35597,3
35612,3
35614,3
30356,3
35618,3
35625,27
35629,3
35633,3
35639,3
35665,3
35674,112
35676,3
35677,3
35678,3
35680,148
35700,3
35704,3
35706,3
35724,3
35727,3
35729,148
35731,3
35735,148
35741,44
35762,3
35764,3
35769,3
35771,3
35778,3
35786,112
35791,3
35794,3
35802,3
35812,10
35817,3
35819,3
35822,3
35823,3
35825,27
35832,3
35834,27
35837,27
35839,3
33241,112
30213,27
30214,3
35845,194
35846,3
35850,248
33105,10
33049,3
35859,3
35863,27
35872,3
35874,27
35878,148
35883,3
35884,3
35893,27
35900,27
35906,148
35910,148
32977,27
35920,148
35921,44
35924,3
35925,3
29653,112
35934,10
35955,148
35956,839
35958,148
35960,148
35961,148
35962,148
35963,148
35964,148
35967,11
35968,148
35969,148
35970,148
35971,27
35972,148
35973,27
35980,3
35983,3
35991,148
36000,27
36004,248
36017,3
36021,148
36024,148
36027,27
36028,148
36038,4
36048,3
36054,148
36059,4
36063,229
36065,148
36071,148
36074,43
36084,160
36087,154
36123,10
36129,3
36131,3
36132,3
36134,148
36151,3
36163,3
36170,3
36173,27
28976,112
36188,27
28961,112
36194,112
28913,112
36200,148
36203,10
28927,112
36243,148
36246,27
36251,3
36258,148
36265,3
36266,3
36267,148
36271,3
36284,27
36292,148
36298,3
36300,148
36306,179
36313,148
36323,112
36334,27
36348,3
36357,178
36361,27
36362,11
36364,27
36373,148
36398,18
36411,3
36416,27
36417,148
36422,3
36425,27
36426,27
36428,27
36432,3
36434,27
36439,112
36440,148
36453,148
36454,148
36461,10
36463,3
36472,3
36476,588
36480,3
36481,27
36485,4
36487,194
36495,11
36496,196
36501,27
36503,11
36513,3
36514,13
36519,3
36524,10
36529,148
36530,148
36534,3
36535,27
36536,112
36538,11
36550,27
36553,3
36554,27
36564,3
36574,27
36581,196
36584,148
36596,27
36598,3
36600,3
36616,3
36627,3
36629,3
36631,3
36637,3
36673,18
28585,112
36742,3
36754,148
36755,148
36762,3
36802,112
36819,148
36820,27
36826,3
36828,148
36830,3
36839,3
36843,27
36852,10
36853,27
36855,4
27885,216
36865,3
36869,3
36876,3
36885,27
36887,27
36888,25
36899,27
36912,3
36924,27
36926,148
36930,148
36933,27
36937,3
36946,3
36953,3
36970,3
36981,27
36982,3
36983,3
36992,148
36993,27
37001,3
37005,10
37007,27
37008,3
37011,27
37025,10
37027,10
37054,10
37082,196
37085,3
37087,264
37088,3
37092,3
37097,27
37113,1
37142,374
37143,3
37148,27
37155,3
37157,3
37159,148
37161,11
37163,27
37167,44
37172,112
37183,27
37184,3
37187,4
37190,10
37191,148
37194,3
37198,27
37206,3
37211,27
37214,27
37217,3
37219,3
37224,3
37225,3
37228,3
37229,27
37233,27
37240,27
37247,3
37253,3
37264,3
37280,25
37281,148
37294,1222
37299,3
37308,4
37309,27
37345,3
28303,3
37360,27
28447,27
37377,3
37384,3
37387,3
37400,27
37418,44
37420,10
37435,27
37445,225
37454,3
37456,3
37460,27
37474,10
37489,3
37616,27
37866,3
37867,10
37874,4
37875,27
37881,11
37985,3
37992,3
38002,3
38076,27
38089,3
38099,3
38127,3
38145,74
10023,4
38162,3
38227,306
38389,25
38539,3
38544,27
38545,3
38546,112
38553,3
38558,3
38568,3
38571,112
38589,3
38600,27
38604,3
38607,27
38610,3
38621,3
38631,3
38636,3
38637,27
38641,27
38647,27
38648,27
38652,3
38654,3
38655,3
38656,27
38659,112
38684,3
38685,65
38688,27
38691,3
38762,4
38776,3
38800,148
38819,27
38827,27
38829,27
38838,112
38843,112
38855,10
38857,27
38867,3
38871,12
38873,27
38878,27
74541,112
38882,112
38939,112
38954,112
38962,27
39040,112
39061,112
39062,3
39066,3
39080,27
39090,27
39093,27
39097,27
39098,3
39104,27
39105,148
39107,148
39115,3
39116,3
39131,29
39135,3
39138,216
39157,3
39162,3
39178,10
39183,148
39188,27
39189,3
39196,27
39204,27
39224,27
39227,27
39238,10
39243,3
39252,3
39264,193
39276,3
39309,10
39312,3
40553,3
39323,27
39326,216
39331,27
39336,95
39375,27
39387,3
39400,3
39401,148
39423,3
39426,11
39428,10
39445,3
39474,3
39483,216
39495,27
39499,3
39503,3
39505,3
39510,3
39515,27
39516,179
39517,3
39519,306
39555,27
39558,27
39564,27
39602,148
39606,148
39655,3
39662,3
39665,27
39679,79
39703,4
39705,3
39709,27
39726,27
39728,3
39758,3
39759,4
39760,3
39761,27
39762,3
39769,3
39770,3
39801,863
39809,27
39823,44
39830,4
39832,27
39843,3
39847,112
39849,3
39850,27
39857,3
39859,3
39895,1
39898,4
39916,27
39926,3
39930,3
39933,27
39934,3
39939,27
39944,27
39950,10
39963,27
39967,3
39989,863
39993,27
39996,27
40002,27
40003,148
40018,11
40023,3
40025,27
40032,10
40036,27
40037,27
40040,3
40046,3
40050,3
40053,3
40064,112
40068,3
40070,3
40074,3
40079,449
40095,27
40101,3
40107,27
40118,3
40132,3
40136,27
40154,27
40174,44
40179,3
40182,4
40187,3
40192,216
40209,112
40211,3
40217,3
40224,148
40249,3
40257,3
40258,3
40259,3
40260,27
40263,3
40265,3
40268,3
40269,3
40270,3
40278,10
40281,3
40285,3
40293,112
40302,27
40309,79
50763,112
40315,27
40317,3
40318,248
40339,27
40346,3
40379,27
40387,27
40390,3
40405,3
40406,3
40409,3
40410,3
40420,3
40434,3
40445,216
40450,27
40455,10
40461,3
40476,17
40477,112
40478,89
40482,27
40483,10
40485,3
40488,3
40490,27
40493,10
40495,3
40496,27
40501,3
40507,1156
40508,27
40509,3
40510,3
40513,112
40532,4
40538,10
40541,179
40556,3
40559,27
40572,4
40578,11
40589,3
40590,216
40598,148
40601,3
40602,27
40609,27
40616,27
40617,3
40620,193
40644,27
40650,3
40660,3
40661,3
40663,4
40665,148
40670,3
40680,27
40682,3
40689,3
40693,29
40696,3
40699,148
40701,148
40706,216
40726,112
40731,3
40735,10
40736,3
40740,225
40742,3
40798,133
40805,3
40812,89
40817,216
40821,27
40824,148
40845,3
40850,9
40855,27
40883,3
40886,3
40887,3
40892,38
40903,248
40917,3
40935,3
40947,3
40951,22
40962,38
40966,216
40967,27
40972,3
40974,3
40981,216
40988,44
40991,10
40994,27
40995,27
40998,3
41012,3
41016,3
41031,1
41034,3
41044,112
41059,3
41069,3
41085,3
41103,1
41113,4
41116,3
41138,27
41140,112
41141,27
41155,4
41179,3
41180,3
41190,3
41207,3
41208,27
41211,27
41212,3
41213,4
41215,3
41216,3
41219,3
41229,3
41231,112
41234,4
41237,3
41239,3
41242,3
41246,3
41247,3
41252,3
41262,3
41266,3
41268,3
41271,3
41272,3
41299,3
41300,1
41303,3
41308,3
41312,193
41313,3
41324,3
41325,74
41333,3
41336,3
41338,27
41339,3
41343,3
41346,27
41347,112
41351,3
41352,27
41355,3
41357,193
41361,3
41364,3
41365,3
41369,3
41372,27
41375,112
41377,3
41378,3
41381,3
41388,27
41393,193
41401,3
41402,196
41406,3
41409,27
41417,3
41421,3
41425,27
41428,3
41456,3
41461,3
41462,3
41470,3
41478,3
41479,3
41488,27
41491,12
41500,3
41513,3
41516,27
41518,27
41524,216
41529,10
41542,222
41549,27
41550,27
41555,196
41558,10
41567,27
41573,148
41575,3
41578,11
41584,3
41590,3
41592,112
41596,27
41597,27
41603,3
41607,29
41608,216
41617,3
41618,3
41623,29
41629,27
41638,148
41649,27
41652,27
41662,27
41665,3
41691,3
41697,27
41705,10
41710,25
41711,160
41714,112
41715,10
41723,112
41732,112
41734,27
41744,9
41752,112
41757,27
41760,112
41765,216
41767,27
41768,27
41770,3
41776,3
41779,112
41780,4
41787,216
41792,112
41793,112
41795,112
41796,112
41798,112
41802,3
41805,112
41806,3
41809,112
41810,112
41811,27
41817,4
41819,112
41821,112
41829,27
41831,112
41832,3
41835,112
41847,112
41862,112
41866,216
41871,112
41892,89
41893,112
41903,11
41907,27
41913,112
42153,3
41925,112
41927,27
41933,3
41962,27
41967,27
41971,4
41972,4
41973,27
41975,112
41977,112
41986,4
42007,112
42011,10
42025,3
42031,3
42049,216
42055,3
42059,3
42062,3
42066,3
42067,3
42068,3
42079,3
42081,3
42084,29
42085,10
42086,112
42103,27
42109,27
42120,3
42126,27
42147,3
42151,319
42154,196
42162,11
42163,3
42167,3
42199,216
42202,27
42209,112
42217,27
42221,10
42228,3
42229,154
42244,10
42245,4
42271,112
42272,27
42273,11
42275,3
42276,3
42288,27
42301,3
42311,3
42315,3
42333,3
42334,3
42337,27
42350,112
42352,10
42358,4
42363,27
42397,27
42434,3
42442,27
42446,3
42462,112
42472,27
42484,3
42491,27
42493,27
42494,27
42496,3
42497,27
42499,193
42501,3
42503,3
42504,3
42507,27
42514,11
42517,27
42520,89
42522,27
42523,3
42524,27
42528,27
42536,11
42560,3
42563,3
42580,25
42584,11
42586,27
42587,27
42607,27
42614,315
42615,27
42626,27
42630,216
42639,3
42651,3
42670,3
42679,3
42685,3
42693,10
42708,3
42710,11
42713,27
42714,27
42721,3
42728,27
42733,216
42748,216
42749,27
42765,27
42766,3
42768,3
42769,3
42770,3
42780,27
42783,27
42787,3
42795,3
42799,27
42809,3
44632,27
42824,27
42838,27
42840,27
42845,3
42848,27
42852,3
42853,27
42854,3
42876,11
42878,10
42895,3
42920,3
42937,3
42940,27
42950,3
42958,3
42962,10
42964,25
42988,10
42993,3
43000,4
43009,27
43021,3
43024,112
43039,27
43079,4
43094,10
43115,4
43121,112
43148,3
43151,27
43157,3
43160,12
43165,27
43170,27
43178,148
43203,27
43208,27
43212,3
43216,112
43218,11
43227,112
43231,3
43232,3
43245,112
43250,112
43271,112
43282,112
43284,18
43287,112
43288,3
43293,10
43298,112
43317,112
43318,112
43321,112
43322,112
43330,3
43331,112
43356,112
43366,3
43369,3
43372,3
43380,27
43381,27
43388,112
43395,10
43396,148
43398,3
43400,27
43401,112
43406,3
43411,3
43415,27
43419,27
43421,3
43422,112
43425,225
43433,89
43439,112
43457,89
43460,3
43461,3
43462,3
43465,225
43472,112
43494,112
43497,10
43508,112
43517,3
43523,27
43532,112
43535,3
43537,112
43597,112
43602,3
43606,3
43623,112
43625,3
43646,112
43649,79
43651,27
43654,112
43658,3
43659,3
43661,3
43680,27
43701,27
43703,27
43709,3
43715,27
43721,3
43729,27
43735,175
43747,1
43750,112
43756,10
43758,148
43761,3
43767,27
43768,3
43810,3
43811,27
43815,27
43823,8
43829,10
43836,3
43849,112
43858,3
43861,27
43869,3
43882,65
43885,27
43894,3
43912,179
43928,3
43933,10
43939,3
43941,27
43952,27
43976,27
43980,148
43984,216
43987,27
43999,887
44001,112
44002,27
44008,27
44013,27
44043,27
44045,148
44048,148
44049,148
44052,3
44062,148
44065,3
44069,112
44075,148
44083,27
44089,27
44097,27
44101,10
44102,27
44104,27
44119,3
44138,148
44140,27
44145,3
44180,148
44183,148
44199,3
44201,3
44207,148
44222,3
44244,1
44261,27
44265,3
44267,27
44279,3
44280,11
44287,27
44298,3
44317,3
44328,112
44340,3
44361,27
44362,3
44363,3
44376,27
44382,3
44385,27
44386,27
44391,27
44394,3
44407,27
44408,27
44411,3
44415,27
44423,148
44434,27
44439,79
44441,27
44442,3
44447,3
44449,3
44451,3
44453,3
44458,11
44461,3
44468,3
44486,3
44487,3
44489,27
44504,44
44505,27
44507,27
44509,3
44518,44
44525,3
44543,27
44547,10
44558,3
44560,3
44562,3
44577,3
44586,27
44589,27
44598,222
44599,112
44611,112
44619,27
44621,27
44635,27
44636,148
44640,27
44651,133
44670,81
44682,1
44686,1
84363,10
44703,3
44735,3
44739,3
44745,112
44761,112
44765,3
44772,112
44782,4
44788,27
44790,112
44793,1
44794,148
44797,160
44805,27
44811,10
44812,3
44816,27
44817,3
44818,27
44821,27
44822,27
44829,12
44845,3
44847,27
44850,27
44852,27
44866,3
44867,112
44878,27
44886,27
44896,216
44909,160
44917,3
44927,27
44929,27
44947,27
44949,27
44951,3
44956,4
44964,3
44965,27
44969,10
44970,27
44973,27
44977,3
44982,160
44997,27
45000,27
45011,3
45012,259
45017,216
45020,10
45022,3
45028,3
45032,10
45033,4
45044,27
45048,27
45061,27
45062,25
45081,10
45082,3
45102,148
45120,27
45130,3
45131,898
45138,3
45144,3
45150,29
45152,27
45153,27
45159,27
45167,112
45173,112
45178,27
45186,112
45189,112
45191,112
45192,112
45193,112
45205,27
45208,27
45211,3
45214,3
45217,3
45219,27
45224,112
45229,3
45235,112
45236,27
45240,3
45242,27
45244,3
45251,65
45259,27
45260,112
45264,112
45265,27
45272,112
45276,112
45288,112
45290,112
45302,27
45313,3
45316,27
45321,148
45324,27
45325,148
45326,3
45330,89
45332,27
45353,27
45354,27
45359,3
45370,3
45372,27
45374,4
45376,3
45379,27
45394,65
45398,112
45410,27
45418,112
45419,3
45420,3
45422,3
45425,3
45427,10
45437,4
45441,1
45446,3
45449,3
45456,27
45458,27
45479,10
45490,3
45499,1
45514,27
45515,3
45519,27
45524,27
45545,3
45546,3
45550,3
45551,3
45553,3
45555,3
45563,4
45564,3
45565,3
45567,3
45570,3
45571,3
45575,27
45577,27
45579,3
45582,3
45585,3
45590,3
45593,89
45596,3
45597,3
45599,3
45601,3
45611,3
45613,3
45615,3
45623,3
45624,3
45625,3
45628,3
45631,3
45644,3
45646,3
45649,3
45659,3
45665,27
45672,3
45673,3
45676,3
45681,27
45682,27
45686,27
45689,3
45690,27
45691,27
45692,3
45693,27
45707,3
45708,3
45710,3
45716,27
45726,216
45727,3
45734,3
45744,3
45745,3
45747,3
45748,27
45753,3
45765,27
45769,27
45775,27
45777,3
45778,3
45784,27
45790,3
45791,10
45795,27
45805,112
45806,27
45818,27
45824,27
45836,27
45839,3
45840,27
45841,27
45846,112
45847,27
45850,27
45853,452
45854,27
45863,193
45869,112
45874,3
45875,3
45876,27
45877,112
45878,27
45886,3
45909,27
45919,775
45921,4
45922,4
45923,11
45928,4
45931,3
45933,18
45935,27
45943,3
45949,3
45953,112
45958,44
45963,27
45966,27
45974,27
45977,27
45983,3
45987,216
45988,216
45991,3
45992,27
45999,3
46007,3
46012,216
46014,3
46020,41
46025,89
46028,27
46029,27
46033,3
46039,112
46041,27
46047,27
46048,112
46049,112
46054,3
46056,10
46058,27
46059,112
46060,27
46063,3
46065,3
46071,3
46088,3
46091,112
46094,112
46106,27
46110,3
46112,148
46125,112
46128,3
46132,4
46141,27
46142,112
46145,112
46147,4
46150,112
46152,112
46153,112
46162,112
46166,3
46167,3
46170,4
46177,27
46180,196
46181,112
46183,27
46185,112
46187,27
46189,112
46191,3
46192,3
46201,27
46202,112
46208,112
46213,112
46214,3
46217,27
46218,112
46222,3
46230,27
46232,3
46240,3
46242,4
46250,3
46260,3
46261,3
46263,3
46265,4
46268,493
46274,27
46287,216
46312,4
46331,183
46332,3
46347,179
46348,4
46349,3
46350,179
46358,112
46359,3
46361,3
46363,3
46367,3
50755,3
46373,65
46375,493
46379,196
46380,3
46385,27
46386,3
46403,27
46406,27
46411,65
46412,27
46416,27
46441,3
46443,3
46449,3
46451,27
46455,27
46472,3
46482,112
46502,27
46511,79
46512,3
46525,27
46547,27
46557,27
46563,27
46565,27
46567,3
46582,27
46583,27
46584,27
46601,27
46605,27
46621,603
46625,27
46627,3
46633,27
46669,112
46670,27
46673,3
46675,3
46677,3
46694,3
46708,112
46713,112
46715,27
46716,148
46723,148
46733,27
46737,148
46758,112
46766,27
46776,27
46777,919
46784,27
46791,27
46798,27
46799,3
46801,112
46805,112
46811,27
46812,27
46813,10
46820,112
46824,27
46833,3
46838,27
46842,112
46847,3
46852,27
46857,148
46879,148
46893,27
46900,27
46903,148
46909,27
46910,148
46915,179
46916,27
46920,27
46921,148
46922,148
46926,27
46928,27
46929,27
46931,3
46941,3
46944,148
46950,3
46951,3
46959,148
46961,4
46979,3
46984,3
46986,3
47004,3
47003,194
47012,3
47013,3
47036,112
47037,3
47038,3
47040,27
47045,27
47047,3
47049,3
47059,27
47061,27
47063,3
47075,112
47084,89
47085,216
47096,27
47098,3
47106,3
47110,27
47117,374
47118,374
47127,148
47134,148
47136,3
47138,112
47139,3
47140,3
47141,3
47142,148
47145,3
47147,3
47148,148
47151,27
47156,3
47158,3
47161,3
47162,27
47170,27
47187,178
47199,4
47200,27
47201,27
47205,148
47206,148
47217,148
47218,27
47219,27
47222,27
47237,148
47238,148
47240,43
47244,148
47248,25
47254,4
47255,148
47263,3
47284,27
47290,11
47300,27
47304,273
47312,148
47318,27
47333,12
47350,27
47352,65
47360,160
47361,1235
47371,27
47372,27
47373,225
47376,27
47380,3
47392,25
47398,112
47400,3
47401,27
47408,3
47414,27
47415,18
47417,27
47424,148
47426,27
47427,27
47445,27
47450,148
47455,3
47457,374
47468,27
47488,27
47495,27
47544,179
47501,27
47510,29
47513,3
47516,3
47521,3
47526,27
47539,3
47540,27
47543,3
47545,27
47564,179
47565,3
47570,27
47579,27
47585,29
47591,3
47595,27
47605,148
47609,196
47610,112
47612,1
47614,148
47616,148
47617,148
47628,179
47629,112
47630,3
47631,145
47645,3
47646,27
47647,216
47648,27
47649,27
47661,27
47662,27
47664,3
47666,374
47667,10
47670,3
47672,1
47673,3
47678,148
47682,112
47687,3
47690,3
47692,27
47693,193
47698,10
47700,27
47702,27
47707,27
47710,3
47713,3
47716,27
47721,588
47738,27
47745,27
47746,10
47761,27
47785,27
47795,148
47796,27
47803,4
47807,148
47819,3
47837,15
47841,27
47848,3
47856,3
47865,27
47866,179
47869,27
47892,27
47917,4
47926,27
47935,3
47959,3
47966,148
47975,27
47980,4
47981,17
47983,10
47990,3
47993,216
47995,148
48003,27
48006,27
48014,27
48037,3
48038,3
48041,3
48055,3
48056,3
48060,3
48061,27
48065,148
48070,27
48093,10
48096,27
48103,3
48104,27
48105,349
48110,27
48158,44
48180,11
48192,27
48215,3
48227,27
48228,3
48233,27
48234,27
48241,27
48284,3
48296,3
48300,3
48323,27
48324,3
48327,27
48345,3
48360,27
48374,3
48375,27
48385,3
48412,27
48414,27
48420,27
48421,1371
48451,27
48455,4
48456,4
48459,112
48477,27
51441,10
48481,27
48486,27
48487,33
48494,27
48506,27
48510,27
48517,27
48518,27
48522,27
48535,3
48536,27
48538,148
48540,27
48544,27
48547,148
48550,3
48551,27
48556,27
48557,216
48563,148
48566,3
48568,3
48569,3
48576,3
48577,3
48580,4
48582,3
48588,27
48595,3
48596,3
48601,3
48602,27
48603,3
48605,3
48606,3
48607,3
48608,3
48612,196
48613,3
48615,3
48616,3
48623,3
48625,3
48626,3
48627,216
48633,3
48634,3
48639,27
48650,3
48652,3
48653,3
48654,3
48661,3
48675,3
48686,3
48689,4
48693,27
48700,3
48705,3
48711,935
48717,4
48723,3
48732,3
48734,3
48743,3
48747,112
48756,3
48761,3
48762,3
48772,3
48773,27
48779,3
48781,216
48793,27
48795,3
48796,3
48808,3
48812,27
48837,3
48841,27
48856,27
48869,4
48878,44
48929,27
48934,27
48973,3
48985,3
49016,3
49018,3
49019,935
49020,148
49028,27
49048,3
49060,27
49069,27
49080,27
49081,3
49102,27
49103,27
49132,27
49157,27
49234,10
49239,27
49247,27
49280,44
49286,3
49311,27
49336,27
49377,112
49378,196
49384,3
49386,4
49399,216
49404,29
49409,3
49414,3
49416,3
49419,79
49422,319
49424,10
49441,112
49453,3
49455,112
49474,27
49481,3
49488,3
49500,11
49503,3
49509,950
49510,73
49526,27
49527,3
49534,44
49535,27
49539,112
49541,27
49554,112
49555,27
49556,3
49558,27
49560,148
49568,112
49578,112
49586,41
49595,41
49599,112
49619,27
49633,27
49635,112
49636,112
49641,112
49642,3
49644,112
49647,3
49648,112
49653,112
49655,112
49656,27
49657,27
49661,3
49665,3
49666,112
49670,4
49676,112
49679,27
49680,27
49682,148
49683,3
49691,112
49706,112
49716,112
49719,27
49721,112
49734,27
49738,112
49743,112
49749,3
49817,112
49835,148
49838,112
49840,112
49882,4
49891,112
49895,3
49898,112
49915,3
50020,10
50070,112
50078,112
50079,10
50089,112
50092,3
50099,89
50107,216
50109,89
50124,89
50125,27
50132,12
50178,112
50193,27
50199,27
50208,216
50210,112
50223,1371
50262,27
50294,27
50304,112
50305,10
50314,3
50318,216
50329,264
50334,27
50338,179
50342,10
50343,252
50347,27
50352,27
50353,27
50354,4
50377,27
50389,216
50399,27
50412,5
50422,27
50425,112
50455,216
50463,3
50464,179
50469,27
50529,10
50543,27
50558,216
50563,27
50564,3
50587,27
50593,3
50598,3
50619,216
50622,87
50630,309
50650,3
50656,112
50664,3
50670,27
50671,27
50673,216
50675,3
50694,27
50697,27
50703,27
50717,216
50725,3
50737,27
50744,27
50746,3
51013,3
51020,27
51171,3
51189,27
51190,3
51314,27
51317,27
51319,27
51337,112
51418,3
51434,27
51469,3
51480,3
51489,196
51558,3
51581,3
51593,27
51618,27
51623,3
51629,27
51633,3
51676,3
51684,3
51690,27
51737,27
51742,27
51748,3
51749,3
51753,3
51792,3
51866,3
51879,27
51883,3
51939,3
51945,148
51947,148
51951,148
51975,69
52013,69
52017,148
52025,3
52035,3
52047,148
52048,3
52058,3
52063,3
52066,27
52083,148
52105,27
52130,148
52144,10
52156,148
52184,148
52196,10
52207,148
52210,148
52214,3
52222,148
52305,27
52306,148
52326,148
52362,148
52384,148
52394,148
52396,550
52407,148
52431,89
52433,10
52441,148
52442,148
52445,148
52461,27
52466,3
52476,148
52479,10
52481,4
52488,148
52508,10
52537,3
52540,148
52544,148
52555,27
52557,148
52559,148
52584,148
52587,27
52588,148
52613,148
52618,148
52619,27
52622,148
52629,148
52641,3
52660,148
52676,27
52687,3
52695,27
52709,148
52766,148
52783,148
52814,10
52815,10
52830,10
52855,148
52896,3
52909,148
52910,148
52924,148
52930,148
52931,3
52947,148
52974,148
52987,3
53017,4
53024,27
53043,3
53073,3
53087,148
53098,3
53114,10
53127,3
53130,10
53183,3
53196,3
53200,148
53259,27
53267,148
53308,3
53316,4
53328,148
53338,3
53339,3
53349,148
53353,27
53355,4
53401,3
53416,65
53417,3
53427,3
53446,3
53455,148
53463,3
53499,3
53519,27
53529,27
53563,3
53565,3
53570,3
53582,3
53584,3
53593,112
53603,112
53612,148
53627,3
53640,3
53649,4
53651,3
53655,3
53664,3
53674,3
53695,3
53705,3
53722,27
53736,29
53765,3
53784,3
53821,10
53831,27
53836,3
53838,3
53840,4
53855,27
53902,148
53930,3
53951,3
53952,225
53960,112
53973,112
54006,112
54024,27
54026,112
54029,92
54055,112
54077,3
54083,112
54111,27
54112,3
54117,112
54119,112
54133,3
54140,3
54165,3
54187,112
54204,3
54217,10
54222,3
54228,112
54229,10
54244,112
54252,179
54267,112
54279,112
54310,148
54311,148
54314,27
54331,4
54335,112
54339,3
54361,27
54365,27
54370,27
54415,3
54460,3
54502,3
54516,10
54541,27
54617,3
54616,3
54628,3
54634,3
54644,27
54652,27
54675,112
54676,3
54726,3
54764,3
54769,3
54772,3
54790,3
54863,27
54884,27
54927,27
54930,27
54946,3
55023,3
55031,3
55052,3
55061,27
55087,148
55098,73
55107,3
55110,3
55127,27
55137,3
55152,148
55154,3
55210,3
55211,27
55217,148
55228,148
55246,27
55262,148
55311,3
55313,148
55323,27
55326,148
55328,3
55338,148
55339,148
55350,3
55353,3
55367,3
55404,3
55424,3
55445,27
55455,3
55466,3
55468,3
55478,148
55491,27
55509,27
55529,3
55567,3
55574,27
55579,148
55607,148
55620,3
55628,148
55629,27
55636,3
55651,10
55655,10
55657,27
55658,27
55663,3
55757,3
55759,27
55765,27
55770,4
55776,3
55804,27
55819,3
55860,3
55862,3
55864,27
55867,148
55875,27
55893,44
55902,10
55937,3
55958,1
55959,3
56012,112
56095,27
56122,27
56163,3
56164,3
56193,148
56209,27
56210,3
56225,27
56228,3
56239,27
56310,27
56319,3
56323,3
56333,4
56334,4
56340,3
56341,3
56343,3
56346,27
56347,10
56362,3
56404,3
56426,3
56430,3
56453,3
56495,3
56505,27
56512,3
56520,112
56565,27
56611,229
56646,229
56648,3
56657,10
56666,179
56685,3
56711,27
56717,225
56737,3
56753,112
56756,3
56758,3
56787,112
56789,27
56810,112
56825,69
56838,229
56891,112
56911,3
56917,112
56927,112
56936,112
56941,112
56963,154
56966,27
56968,4
56970,112
56979,3
56989,44
57028,11
57052,3
57110,27
57111,27
57120,3
57121,112
57125,27
57128,27
57130,216
57135,3
57137,112
57138,112
57142,10
57144,27
57196,112
57252,3
57273,112
57294,4
57295,25
57318,3
57345,3
57363,3
57391,3
57417,27
57418,4
57419,3
57420,3
57421,216
57456,3
57462,3
57478,112
57479,112
57493,27
57497,3
57520,10
57521,216
57528,3
57571,248
57577,4
57641,175
57653,12
57657,3
57683,112
57767,3
57785,248
57797,27
57820,3
57824,27
57825,27
57829,3
57839,3
57847,27
57854,3
57864,3
57908,11
57917,3
57928,11
57980,3
58013,3
58036,3
58037,3
58040,95
58041,3
58042,3
58043,79
58045,27
58047,95
58136,3
58155,27
58194,10
58290,10
58295,3
58305,27
58329,4
58333,4
58376,27
58381,3
58436,10
58469,44
58496,148
58554,10
58600,112
58656,10
58687,10
58710,112
58719,10
58740,3
58839,11
58843,10
58858,27
58886,3
58915,27
58934,27
58948,3
58990,3
59452,3
59007,3
59042,27
59070,27
59078,27
59100,3
59143,3
59144,27
59148,10
59228,3
59275,27
59281,12
59293,3
59405,10
59417,3
59419,3
59440,27
59459,3
59461,3
59463,179
59478,27
59484,3
59540,225
59544,3
59574,27
59579,225
59582,3
59615,3
59646,10
59655,27
59657,3
59681,3
59682,3
59696,3
59730,27
59739,27
59740,27
59741,216
59794,3
59837,3
59874,10
59880,148
59881,3
59910,27
59966,27
59982,27
59983,112
59987,3
60015,27
60042,3
60044,112
60078,3
60127,112
60135,3
60136,3
60139,11
60141,11
60142,27
60150,112
60151,119
60153,160
60155,3
60167,3
60169,148
60170,3
60172,4
60174,3
60175,3
60176,3
60177,3
60178,3
60179,3
60196,12
60202,3
60247,3
60270,3
60277,27
60281,3
60285,3
60289,27
60290,216
60291,27
60293,112
60295,3
60296,112
60299,112
60308,3
60309,3
60313,27
60353,112
60363,3
60370,10
60376,4
60389,3
60400,25
60404,3
60422,112
60465,225
60470,25
60536,27
60564,10
60668,27
60681,27
60740,179
60745,27
60748,216
60760,112
60776,3
60786,10
60802,10
60864,27
60867,27
60868,27
60875,201
60878,27
60905,27
60939,27
60949,216
60950,4
60951,27
60952,319
60953,27
60956,216
60962,27
60967,27
60977,4
61022,27
61026,3
61027,27
61039,3
61058,3
61097,10
61103,3
61115,10
61124,27
61125,3
61131,3
61151,27
61153,27
61157,148
61160,112
61165,27
61166,148
61169,3
61170,27
61173,3
61175,112
61180,10
61183,10
17663,119
61198,3
61200,3
61287,4
61312,148
61327,112
61353,3
61367,3
61368,3
61371,3
61373,10
61387,3
61393,3
61397,112
61429,3
61432,44
61435,25
61440,3
61491,27
61494,3
61498,3
61499,10
61503,10
61527,112
61547,3
61570,112
61593,10
61612,3
61623,3
61632,10
61669,3
61672,112
61678,3
61679,3
61707,3
61708,4
61713,89
61719,112
61720,3
61724,3
61726,112
62600,3
61763,10
61802,3
61831,3
61832,27
61833,112
61835,27
61840,10
61841,3
61874,10
61875,3
61877,10
61915,112
61933,10
61935,715
61985,3
61986,3
61994,3
61995,27
61998,148
62003,10
62009,27
62012,10
62074,3
62079,3
62082,112
62098,3
62110,10
62113,112
62116,112
62142,112
62143,112
62175,3
62199,3
62203,3
62205,3
62206,3
62209,3
62210,112
62254,4
62316,3
62318,27
62319,3
62320,3
62324,119
62326,3
62330,27
62334,4
62354,27
62367,216
62369,27
62384,27
62393,3
62396,112
62399,3
62407,4
62419,3
62466,148
62468,27
62470,3
62471,27
62474,935
62475,3
62488,27
62497,27
62498,27
62528,27
62529,27
62533,27
62535,27
62541,112
62542,112
62550,216
62552,3
62592,148
62593,119
62597,3
62599,27
62603,3
62604,3
62606,27
62608,3
62609,3
62610,3
62613,3
62615,27
62617,4
62625,79
62626,3
62643,3
62651,112
62657,11
62666,3
62671,3
62677,27
62682,3
62692,3
62723,179
62738,27
62750,3
62768,3
62784,3
62786,148
62788,27
62798,4
62799,112
62802,3
62847,3
62849,3
62850,27
62851,3
62852,265
62855,3
62859,148
62877,3
62880,27
62891,3
62957,27
62976,355
62977,3
62978,27
62980,179
62981,112
62985,27
62991,3
62992,3
63003,3
63130,1
63010,3
63020,3
63042,27
63044,3
63051,27
63071,18
63086,3
63114,27
63131,27
63137,27
63140,27
63170,3
63219,315
63223,27
63234,27
63248,4
63267,3
63293,27
63326,27
63335,3
63340,3
63353,10
63363,179
63366,225
63418,3
63485,27
63498,3
63513,27
63536,27
63541,27
63990,27
63544,148
63694,27
63547,27
63552,3
63559,3
63562,27
63594,1082
63600,148
63614,27
63616,3
63617,27
63651,173
63686,44
63687,3
63692,27
63693,3
63697,27
63746,148
63748,27
63750,27
63753,3
63757,4
63797,112
63799,27
63801,1108
63814,44
63816,27
63817,27
63830,112
63843,3
63844,3
63864,3
63872,12
63919,4
63975,27
63976,216
63978,27
63980,3
63981,27
63985,148
63986,89
63988,27
63991,27
63992,3
64017,148
64040,3
64155,27
64050,3
64064,3
64070,148
64072,112
64080,87
64083,160
64097,27
64102,27
64103,160
64111,160
64117,27
64128,167
64130,27
64136,27
64142,12
64144,4
64146,4
64149,27
64151,148
64157,27
64166,3
64178,3
64182,5
64196,11
64200,27
64208,27
64212,216
64213,3
64221,27
64224,148
64226,148
64228,119
64229,3
64236,3
64244,3
64245,27
64248,27
64249,27
64250,12
64252,3
64254,27
64265,3
64597,3
64276,27
64277,3
64278,27
64281,27
64284,3
64285,3
64289,4
64293,3
64298,27
64302,3
64329,3
64336,27
64337,3
64366,3
20237,179
64383,3
64409,3
64414,27
64417,27
64422,27
64425,148
64427,27
64428,27
64431,27
64435,27
64438,27
64439,27
64442,3
64443,27
64447,160
64453,27
64455,27
64456,27
64452,27
64457,148
64458,27
64465,3
64482,10
64491,160
64494,11
64501,27
64509,27
64517,3
64522,4
64526,4
64529,4
64530,44
64533,4
64537,3
64553,27
64555,775
64560,148
64567,3
64575,27
64577,3
64580,27
64583,27
64586,27
64590,27
64591,3
64596,216
64604,3
22648,3
64625,11
64626,27
64636,27
64645,4
64656,10
64691,27
64695,4
64726,3
23310,27
23344,27
23856,27
64765,27
64770,27
24042,3
64772,79
64776,27
64782,216
64788,148
64800,1
64801,79
64804,10
64806,95
64807,3
64809,3
64811,27
64816,3
64833,27
64844,3
64857,27
64861,27
64862,27
64872,148
64873,44
64874,281
64876,12
64877,3
64886,148
64891,92
64904,112
64933,10
64965,3
64971,27
64976,179
64978,1
64981,10
65015,27
65018,3
65033,27
65040,4
25343,27
65046,27
65047,27
65053,179
65055,3
65057,27
65077,10
65094,27
25889,3
65114,12
65118,29
65121,27
65122,3
65123,27
65124,27
25982,319
26012,11
65143,27
65144,27
65157,27
65165,3
65163,3
65168,3
65177,27
26575,3
65195,27
65220,27
65225,79
65226,27
65228,3
67996,3
65239,112
65253,3
65269,3
65285,52
65288,27
65296,216
65299,374
65301,27
65324,27
65355,160
53268,3
65381,216
65384,27
65386,112
65401,3
65403,3
65415,44
65416,27
65426,10
65432,21
65450,3
65454,112
65461,27
65468,27
65478,27
65490,4
29002,3
28425,3
28449,3
33007,3
33041,3
35626,3
35642,3
29076,3
37957,3
40071,3
40077,3
46983,3
60273,3
29529,112
65504,148
65566,13
65573,27
29762,148
30103,148
30216,216
65599,112
65609,3
65612,112
65633,3
65667,27
65679,27
31908,4
32048,148
65693,3
65710,27
65711,3
65717,3
65720,27
65727,10
65740,27
66310,4
65813,27
65815,27
65817,27
65819,27
65831,3
32988,4
65848,3
33016,3
33045,3
33201,27
65881,81
65894,3
33359,27
33405,3
32764,3
33517,216
33526,27
33710,216
33721,89
65948,21
65952,10
33748,10
67202,3
66024,27
66035,10
33915,216
66039,3
66045,10
66050,27
34122,89
34148,27
34163,27
66072,3
66084,27
66085,27
66088,3
66091,27
66109,3
66131,3
66135,3
66138,27
66159,27
66162,10
34278,27
66164,10
66172,196
66219,69
66223,10
66261,3
66265,3
66268,27
66279,10
66281,1
35290,25
35315,4
35354,10
35358,10
35393,3
35474,27
35482,27
66327,27
66328,3
35551,65
66353,10
66370,196
35617,112
35644,65
66375,3
66386,3
35662,3
35663,3
66394,18
35711,3
66404,3
35732,3
35739,4
35744,4
35757,3
35795,3
35881,1
35993,27
66434,4
66436,167
66443,27
66446,10
66449,3
66454,216
66490,3
36201,3
36235,27
36314,3
36321,27
66527,3
36421,10
36864,148
66542,4
66584,27
66608,3
37311,148
66615,3
66629,112
66635,3
37439,89
39650,89
66647,3
39868,27
67167,3
39917,361
39921,3
40029,3
40110,3
40180,3
40191,3
40310,3
42088,3
66690,3
66708,27
66750,3
66768,27
42886,3
66770,3
43010,27
66782,95
43103,27
66797,3
66798,3
66813,3
43338,1
43496,10
43640,27
43808,27
66846,65
66856,216
66860,10
442,3
1223,3
1285,3
1574,27
1803,3
67053,10
67057,3
2147,229
2186,3
67063,160
2573,27
67085,112
67087,3
67112,27
67113,160
67121,3
67122,32
67126,3
67127,160
67135,196
67150,3
67151,11
67170,3
3116,27
3192,27
3198,148
67205,3
3314,148
67223,43
67225,3
67236,3
67255,12
3327,3
67296,3
4785,3
67338,89
67364,3
4966,25
4978,27
5078,148
67401,89
67417,12
5657,27
5667,3
67437,27
67441,160
6429,148
6436,10
6831,10
67478,3
7211,449
7216,4
7459,264
67520,3
8265,27
8466,10
67583,27
67585,3
9216,3
67639,112
67677,112
10120,10
67689,4
67694,112
11302,27
11585,27
11754,27
67792,44
67794,216
21168,148
67883,148
67896,11
24826,27
25156,154
67917,27
67936,3
67944,3
84579,27
67961,148
70687,27
68001,3
68013,89
68030,148
70686,179
68032,10
68035,27
68036,27
68042,10
68054,27
68061,3
68062,27
68065,65
68078,3
68082,3
68084,27
70685,3
68088,148
68089,148
68092,27
68125,44
68127,27
68397,27
68133,3
68141,27
68157,27
68159,112
68173,112
68179,27
68186,148
68189,27
68208,3
68232,4
68238,27
68261,79
68264,3
68300,27
68302,27
68319,4
68324,27
52206,4
68341,216
68345,27
68351,3
68352,27
68362,148
68364,3
71992,10
68392,12
68404,10
68409,65
68411,3
68412,27
68420,3
68421,27
68422,27
68423,27
68425,27
68431,27
68448,25
68454,27
68459,3
68486,10
68498,3
68581,27
68584,27
68593,3
68595,112
68673,3
68682,3
68770,11
68779,11
68792,3
68797,3
68820,27
68835,3
68870,3
68944,3
68953,27
68961,3
68964,3
68980,3
69000,10
69012,3
69073,3
69078,112
69084,3
69097,3
69099,15
69116,10
69131,148
69153,10
69155,11
69173,112
69174,112
69189,27
69214,112
69226,3
69231,27
69232,27
69260,112
69314,112
69339,112
69343,112
69350,10
69351,10
69352,112
69381,10
69391,3
69406,112
69418,112
69435,196
69481,27
69484,27
69485,25
69504,3
69525,1082
69532,3
69539,27
69541,27
69547,112
16871,27
69589,3
69593,3
69602,27
69603,3
69612,27
69634,3
69663,112
70736,4
69698,112
69723,112
69731,148
69733,112
69745,3
69752,10
69757,621
69780,3
69781,10
69815,65
69880,3
69887,112
69892,4
69899,4
69915,3
69933,10
69977,27
69985,73
69997,3
70003,148
70005,27
70007,3
70026,201
70029,3
70047,3
70069,65
70070,216
70073,12
70074,27
70079,27
70094,148
70138,3
70163,27
70171,148
70406,3
70180,27
70184,10
70186,179
70189,27
70194,3
70230,27
70232,3
77553,10
70286,216
70337,79
70341,3
70358,27
70367,3
70389,3
70399,27
70401,11
70468,3
70528,3
70599,27
70608,27
70616,3
70617,65
70621,3
70625,27
70642,27
70654,4
70676,148
70677,27
70680,10
70682,79
70699,27
70714,27
70722,3
70732,193
70752,3
70759,11
70764,3
70827,229
70832,1
70838,27
70839,3
70853,27
70857,148
70870,27
70871,656
70878,3
70888,148
70889,112
70890,12
70892,27
70910,27
70925,112
70955,10
70957,112
70998,27
71041,112
71048,119
71058,10
71066,216
71075,3
71159,3
71183,3
71211,27
71241,27
71316,27
71319,112
71395,3
71403,3
71409,11
71445,27
71449,15
70858,27
28172,27
28279,27
71597,3
28367,3
71686,148
71697,148
71746,3
71760,3
71782,27
71791,12
71796,12
71802,27
71803,27
71825,12
71827,4
71915,17
71924,3
71941,621
71958,12
71981,12
72011,89
72012,27
72014,3
72048,3
72116,12
72140,216
72191,27
72201,216
72239,3
72243,10
72267,65
72268,65
72270,27
72274,179
72277,3
72279,27
72284,201
72292,10
72324,3
72439,27
72442,148
72484,3
72514,3
72525,10
72533,27
72539,4
72541,3
72542,3
72544,27
72545,3
72546,148
72559,12
72562,3
72565,12
72569,27
72571,148
72576,27
72629,3
72632,27
72637,10
72643,3
72644,27
72645,3
72648,27
72659,3
72662,3
72665,3
72666,3
72668,3
72677,4
30302,148
72689,3
72690,3
72694,44
72695,27
30489,27
30512,89
72784,3
72786,3
72805,4
72808,3
72815,3
72834,3
72840,3
72908,3
72913,112
72915,3
72921,112
72922,112
72930,112
72931,3
72933,3
72934,3
72935,229
72939,112
72940,154
72944,3
72947,4
72951,3
72961,3
72962,3
72964,3
72968,3
72973,3
73061,216
73062,3
73073,25
73082,3
73085,27
30740,27
30831,148
73117,216
73156,3
73157,3
73158,3
73166,3
73176,3
73620,3
73227,3
73512,27
73244,216
73246,27
73256,10
31525,283
31558,805
73329,3
73343,3
73350,3
73353,112
73359,27
73371,3
73372,3
73387,3
81333,27
73420,112
31991,27
73432,3
73481,216
73492,112
73504,3
73505,11
73524,25
73530,27
73533,27
73549,3
73560,3
73591,27
73617,27
73624,112
73627,27
73628,3
73642,112
73647,3
73696,119
73698,229
73708,3
73713,27
73715,3
73716,3
73719,3
73723,3
73745,27
73759,4
73762,27
73764,3
76907,3
73768,27
73769,27
73771,27
73773,4
73787,201
73808,44
73838,11
73849,179
73850,112
70851,148
73866,112
70849,148
65505,148
73892,27
73903,3
73905,112
73907,27
73912,3
73921,11
73930,3
73958,27
73981,229
73984,193
73992,3
73999,89
74002,27
74016,112
74019,3
74023,4
74025,27
74026,27
74027,3
74028,3
74033,27
74034,12
74038,27
74040,11
74043,148
74045,27
74069,3
84533,112
74077,3
74093,3
74100,3
70782,148
74107,3
74110,4
74112,27
74113,27
80879,22
74131,3
74133,3
74136,3
74142,3
74144,3
74151,167
74209,3
74210,10
74216,3
74220,3
74245,3
74283,148
74302,216
74312,112
74313,27
74323,3
84541,3
74343,3
74349,3
74359,27
74360,3
74379,112
74385,79
74410,112
74430,112
74435,3
74445,3
74449,148
74450,27
74478,27
74550,3
74587,112
74598,27
74623,112
74624,3
74626,27
74632,27
74633,3
74635,27
74639,27
79010,4
74663,27
74673,3
74680,79
74681,3
74685,27
74686,27
74690,3
74733,112
74749,112
84540,229
74761,3
74770,3
77838,27
74776,27
74777,3
74786,3
74789,27
74790,3
74821,112
40329,4
74842,112
74843,112
74871,112
74880,112
74926,201
74956,3
74957,79
74959,3
74961,65
74980,3
74993,12
75038,3
75039,3
75050,4
75061,112
75079,3
75085,3
75103,112
75104,112
75111,3
75114,27
75136,3
84538,12
75183,3
75196,3
75201,3
75206,3
75212,27
75214,167
75217,225
75228,112
75312,27
75314,27
75341,27
75343,3
75348,3
75360,10
75385,27
75463,12
75467,374
75509,27
75518,112
75537,112
71085,3
75604,27
75612,148
75627,3
75637,27
75638,229
75993,27
75643,11
75663,89
75673,3
75674,3
75688,27
75694,27
75702,27
75704,148
75958,27
75741,27
75742,27
75743,27
75746,27
75750,3
75751,3
75784,27
75785,27
75788,10
75789,196
75792,10
75814,27
75816,27
75821,27
75842,27
75851,100
75855,12
75856,112
75857,3
75860,3
75862,3
75867,27
75874,27
75875,11
75886,3
75892,193
75897,3
75900,27
75904,3
75961,44
75965,10
75966,27
75986,3
75990,29
76003,79
76005,3
76010,3
76062,148
76067,112
76112,3
76113,27
76120,3
76121,3
77096,27
76230,27
76237,119
76242,10
76249,79
76255,112
76259,27
76260,3
76338,3
76380,3
76391,27
76396,112
76411,3
76426,112
76431,3
76436,27
76437,112
76494,148
76498,112
76500,3
76501,112
76503,27
76504,3
76512,112
76513,112
76528,41
76529,3
76531,112
76534,112
76539,112
76541,27
76542,112
76546,112
76584,112
76598,112
76599,112
76633,3
76634,112
76635,112
76647,3
76654,25
76668,27
76673,27
76704,79
76705,27
76715,65
79636,27
76735,112
76741,27
76742,167
76745,112
76752,3
76756,148
76762,3
76763,112
76770,27
76773,10
76774,112
76775,27
76776,10
76777,112
76848,3
76852,3
76857,112
76858,112
76893,27
76908,112
76914,216
76920,3
76934,11
76968,10
79448,112
76992,4
76995,10
76999,112
77000,112
77009,89
77055,3
77103,27
77104,4
77105,112
77106,148
77109,112
77113,112
77119,112
77120,112
77131,27
77132,27
77174,4
77178,79
77180,112
77182,112
77184,112
77193,3
77195,79
77199,27
77203,27
77207,27
77219,160
77239,112
77242,27
77248,27
77275,10
77281,3
77326,27
77380,27
77475,27
77485,27
77502,27
77522,3
77527,10
77577,3
77591,3
77641,27
77642,4
77650,27
77652,11
77653,3
77688,89
77700,27
77742,3
77765,3
77766,10
77767,3
77768,112
77769,27
77803,3
77804,173
77809,112
77810,3
77821,3
77828,27
77836,3
77850,65
77853,27
77857,25
78490,201
77918,27
77969,79
77972,3
77986,3
77996,27
78000,29
78005,3
78010,3
78019,112
15408,27
71163,148
78041,21
78064,3
78070,3
78079,27
78093,3
78117,27
78126,3
78130,27
78140,3
78143,3
78145,3
78155,27
78157,27
78159,112
78180,27
78182,10
78193,193
78194,27
78198,27
78202,148
78209,27
78259,3
78267,27
78277,3
78279,3
78281,27
78292,11
78295,27
78297,216
78325,119
78329,10
78341,3
78345,3
78360,27
78383,3
78398,27
78399,3
78400,3
78401,27
78407,216
78412,3
78415,27
78423,3
78427,27
78428,89
78454,44
78466,18
78474,27
78481,12
78482,95
78487,27
78491,27
78505,44
78523,27
78525,229
78530,112
78533,27
78535,3
78546,3
78553,229
78562,3
78563,3
78565,27
78569,229
78576,3
78577,3
78578,3
78583,229
78587,229
78588,3
78594,3
78642,27
78644,306
78654,3
78725,4
78727,3
73780,22
78736,27
78757,15
78776,3
78778,27
78784,27
78792,3
78796,3
78800,27
78802,3
78809,27
78810,3
78813,3
78817,27
78824,3
78826,3
78850,112
78859,3
78990,112
78994,27
78996,3
78997,27
78998,3
79001,3
79022,3
79023,3
79033,3
79035,3
79072,3
79084,3
79089,79
79095,27
79097,27
79103,27
79104,3
79105,100
79108,27
79112,27
79137,27
79139,229
79146,3
79148,3
79150,3
79151,3
79153,27
79156,27
79157,27
79158,3
79162,3
79171,193
79172,3
79183,27
79184,27
79186,44
79187,3
79201,112
79207,112
79208,112
79213,4
79214,3
79217,27
79236,3
79252,3
79253,229
79279,3
79281,3
79289,27
79291,3
79292,5
79294,112
79346,112
79423,3
79429,27
79460,3
79467,3
79480,3
79483,3
79484,3
79486,27
79487,3
79505,27
79532,27
79533,112
79535,112
79537,112
79569,27
79577,3
79599,1186
79600,119
79604,5
79607,112
79612,27
79635,112
79641,27
79642,112
79646,27
79664,3
79665,4
79668,119
79672,27
79682,4
79690,119
79694,27
79700,248
79730,10
79788,3
79818,79
79822,21
79844,248
79863,193
79870,3
79875,248
79926,248
79927,119
79947,27
79952,3
79956,27
79976,112
79982,3
79987,112
79992,3
80000,27
80009,29
80012,3
19938,27
80034,196
80039,27
80043,15
80062,27
80065,112
80067,27
80072,112
80073,3
80154,112
80161,27
80278,229
80279,27
80281,3
80297,27
80337,112
80352,27
80370,179
80400,112
80441,112
80443,12
80447,112
80455,27
80460,3
80463,112
80464,112
80471,3
80475,112
80492,452
80502,27
52188,3
80652,3
80659,27
80678,112
80701,112
80807,27
80808,3
80817,112
80819,229
80821,112
80825,229
80827,4
80829,112
80835,10
80836,112
80839,112
80846,3
80875,112
80877,27
80885,148
80889,3
80892,3
80893,27
80942,27
80947,27
80960,112
80961,3
80970,89
80971,3
80972,112
80976,199
80994,309
81024,27
81028,112
81192,11
81038,112
81040,112
81126,3
81130,27
81134,3
81135,3
81139,27
81142,112
81143,112
81144,27
81153,27
81162,112
81186,248
81187,21
81209,3
81213,27
81215,4
81310,3
81326,112
81330,27
81341,3
81382,112
81390,3
81437,112
81448,112
81465,112
81555,3
81596,112
81602,4
81609,3
81610,3
81611,3
81614,3
81621,112
81632,27
81634,10
81645,3
81646,27
81655,3
70698,148
81669,27
81676,74
81684,3
81687,3
81689,27
81719,27
81731,3
81741,27
70090,27
81766,3
81775,27
81790,201
81791,3
81837,27
81849,3
82012,3
82018,27
82038,27
82096,4
82122,27
82130,27
82163,10
82190,10
82199,27
82250,112
82262,3
82288,29
82319,3
82330,29
82333,3
82337,27
82340,3
82359,3
82371,27
82386,3
82389,65
82397,568
82406,27
69662,112
82567,27
68865,27
82570,4
82598,27
82606,3
82607,3
82611,3
82619,3
82625,29
82647,1069
82675,27
82676,199
82682,3
68780,27
82700,3
68557,148
82705,27
82736,3
82746,27
82748,3
82750,3
82751,112
82757,10
18850,4
82882,10
82889,27
82933,3
82975,3
83034,10
83058,112
83086,112
51990,112
83125,154
83134,112
83170,112
83263,112
83347,10
83402,112
83447,180
83458,11
83498,27
83656,10
83666,27
83897,10
84012,10
84140,27
84183,3
84206,27
84228,3
41029,3
84257,10
84287,27
51933,3
84295,27
25040,11
84399,3
28116,25
40112,27
40119,3
30428,27
40120,27
40121,3
30775,3
30919,3
30929,27
84401,3
31088,216
31297,1
31610,4
31717,112
31718,27
84407,248
84410,11
31737,216
31916,3
31917,1
84414,248
84415,27
84416,89
32168,3
32175,27
32465,229
84417,11
84418,3
32512,148
84419,27
32621,27
32633,3
32643,3
32655,89
84423,44
32718,112
32742,148
32759,3
32797,3
32844,3
32851,3
32895,3
32905,3
32917,3
32924,3
32926,27
32939,3
34367,216
34368,148
84434,27
39341,148
34445,3
84437,27
34459,3
34461,1
34470,3
84439,27
34504,3
34522,27
84441,15
34577,10
34596,3
34607,3
34609,216
34646,216
34698,3
34998,3
35053,216
35060,216
35085,3
35105,216
36599,3
84452,3
36651,4
36658,148
36692,3
36697,3
84454,10
36708,216
36710,179
36713,3
36715,3
36717,89
36720,3
36727,216
36745,89
36780,27
84459,27
36892,27
36904,10
36914,3
36944,216
37560,29
37572,216
37627,10
37697,216
37721,27
37723,3
37749,27
37756,27
37784,3
37809,27
84468,27
37821,216
37833,10
37838,3
37840,10
37847,27
37850,27
37855,10
37857,27
37860,27
37863,3
37879,10
37884,216
37893,3
37894,3
37899,3
37905,27
37915,216
37932,3
37937,3
37942,3
37949,216
37952,3
37969,3
37973,3
72264,3
37975,3
37978,3
37995,3
38009,3
38015,27
38025,27
38026,148
38027,3
38039,216
38053,3
38067,3
38070,27
38071,3
38087,3
38093,10
38097,3
38101,3
38105,3
38108,3
38131,3
38134,3
84472,10
38161,112
38168,3
38169,27
38172,3
38173,27
38177,27
38181,3
38188,27
38191,3
38202,27
38212,11
38221,3
38243,112
38244,27
38253,27
38264,216
38269,27
38284,27
38353,10
38352,10
38364,27
38368,112
38385,27
38394,112
38396,89
38406,216
38407,112
38409,3
38416,112
38417,112
38419,112
38430,112
84482,112
38447,112
38451,112
84484,27
38460,27
38464,112
84485,3
38493,112
84486,112
38532,112
38560,4
84487,10
38574,112
38672,18
38678,27
38704,252
38708,112
38712,3
38720,27
38752,3
38753,27
38754,27
38758,89
38789,27
38883,10
38886,89
84489,27
38917,25
38930,27
38957,89
84492,27
38979,27
84495,27
39008,27
39017,27
39018,27
39019,3
39029,3
39071,27
39340,3
39342,27
39449,27
39521,27
39529,3
39569,27
39572,27
39573,3
39629,27
39634,3
39678,27
39686,3
39688,4
39698,25
39731,3
39786,3
39787,3
39876,3
39878,3
39887,27
27458,3
28507,3
28761,179
29106,1
29756,196
29911,493
33118,1
42286,28
15453,605
46457,914
46480,3
46610,148
46671,3
46700,27
46823,27
47319,27
47722,179
47753,179
47775,179
47776,179
47895,179
50228,27
50269,27
84511,179
55883,193
55897,3
55962,3
55965,179
56322,167
84513,3
56517,196
56839,27
56840,3
56869,179
56991,3
57258,4
57424,3
57476,4
57480,3
57485,112
57979,3
62928,4
64091,3
64120,27
64220,29
64487,179
64707,3
65534,3
65563,27
65565,3
65571,27
65809,3
65932,193
65936,4
65955,27
65958,3
65963,27
65974,3
65978,27
66037,27
66101,3
66173,179
66382,179
66385,29
66438,3
66445,167
67073,179
67076,27
67078,27
67403,27
67444,89
67449,89
67450,27
67479,27
67487,3
67494,27
67542,27
67605,3
67623,27
67644,3
67646,3
67648,3
67650,10
84521,27
67693,4
67720,3
67733,27
67746,27
67752,3
67759,3
67760,4
67762,27
67765,27
67783,3
67785,27
67797,27
67798,148
67810,10
67814,27
67816,3
67817,4
67819,3
67820,3
67821,3
67874,3
67876,3
67882,3
67884,27
67885,27
67886,179
67889,3
67890,3
67892,3
67902,27
67904,3
67905,3
67911,3
67912,3
67937,3
67941,3
68070,3
68076,3
68079,3
68099,3
68100,3
68102,3
68103,27
68110,3
68113,3
68114,4
68118,3
68119,3
68120,27
68802,27
68821,66
68826,3
68838,3
68847,3
68852,27
69014,3
69020,3
69049,179
69054,3
69077,3
69117,3
69118,3
69128,112
69399,3
69520,3
69556,66
69559,3
69613,3
69617,3
69618,179
69621,3
70036,3
70037,3
70040,4
70041,3
70049,3
70282,3
70289,27
70366,3
70368,3
70372,160
70422,89
70472,3
70474,3
70480,3
70483,3
70489,3
70490,3
70491,3
70493,3
70499,3
70509,3
70513,27
70516,3
70517,3
70802,3
70804,27
70809,27
71070,3
71469,179
71699,27
71703,3
71734,3
71743,27
72110,27
72130,27
72134,202
72135,3
72152,27
72153,27
72169,112
72185,3
72193,27
72194,44
72196,3
72596,112
72606,27
72609,493
72611,112
72978,27
72984,27
72988,112
72989,112
73030,27
73039,112
73114,27
73119,27
73163,148
73215,4
73216,3
73253,112
73275,27
73277,27
73287,112
73289,3
73298,44
73317,3
73470,160
73471,3
73474,112
73480,112
73520,112
73521,112
73522,112
73523,112
73746,112
73747,112
73749,27
73777,18
73783,112
73790,112
73792,112
73793,27
73794,112
73809,27
73813,112
73815,3
73829,27
73920,112
73925,112
73933,112
73936,27
73937,3
73957,27
73961,3
73962,3
73968,4
73975,112
74158,112
74160,1275
74237,13
74242,112
74261,27
74271,112
74272,112
74273,112
74504,27
74806,3
74820,112
75081,27
75224,27
75227,3
75530,112
75727,3
75752,27
75756,27
75765,3
75805,3
75921,27
76088,27
76092,27
76103,27
76104,3
76118,3
76288,27
76899,27
76900,27
77021,3
77027,3
77032,3
77075,65
77143,27
77170,3
77234,3
78120,27
78233,27
78234,3
78293,27
78301,3
78305,201
78307,27
78311,264
78313,148
78452,66
78458,27
78468,27
57814,3
58863,44
58865,3
58866,3
59136,3
59349,27
59734,27
59976,27
60976,3
61369,3
61721,4
62973,3
63008,3
64016,3
64202,148
64960,27
64974,179
65185,27
70866,11
72227,27
84532,3
73060,179
73722,27
77099,25
77190,179
77350,3
75582,33
78374,3
84537,3
69640,27
72673,4
73630,4
70865,148
70901,3
71031,10
71125,10
71148,27
71248,27
71279,148
71285,3
71292,27
71347,27
71357,3
71358,148
71384,4
71399,148
71401,27
71410,27
71411,4
71520,27
71550,148
71577,27
71581,3
71593,148
71641,27
71715,112
71853,27
71856,3
71858,27
71859,148
71891,10
71917,148
71939,1
71974,3
72079,148
72104,3
72296,148
72339,3
72404,11
72532,3
72750,3
72851,3
73097,27
73264,27
73284,148
73307,27
73427,3
73445,3
73455,148
73468,27
73553,27
73562,112
73607,3
73616,112
73638,27
73671,3
73685,3
74172,112
74181,112
74200,112
74226,112
74257,112
74279,112
74295,112
74327,3
74396,112
74400,112
74406,3
74408,112
74414,3
74416,27
74425,3
74461,3
74462,3
74517,196
74519,112
74521,3
74524,3
74545,3
74701,112
74738,3
74811,3
74823,27
74859,3
74870,1166
74936,3
74967,112
75007,27
75174,27
75316,27
75436,3
75495,27
75648,3
75681,27
75690,27
75877,3
75946,27
75977,3
76018,3
76136,148
76198,3
76212,3
76247,27
76268,3
76308,27
76323,3
76325,3
76410,3
76548,27
55594,148
76441,27
76497,27
76520,148
76606,3
76927,148
76944,12
77328,148
77337,3
77343,27
77370,44
77983,3
77993,11
78164,3
78616,27
78696,3
78715,27
78747,148
78835,27
78848,179
78854,225
78872,112
78912,3
79036,27
79415,27
79613,179
79648,148
79799,148
79801,82
79829,27
79909,179
79912,3
79914,27
79923,3
80054,3
80125,148
80184,112
80305,27
80429,148
80716,27
80746,27
80777,27
81110,3
81120,148
81276,148
81298,148
81362,10
81363,27
81466,3
81511,148
81568,27
81730,27
81783,3
81836,27
81839,27
81863,112
81886,3
81975,27
81985,3
81992,3
81996,27
82088,10
82156,25
82167,11
82225,27
82230,27
82298,148
82354,10
82443,11
82446,112
82456,148
82581,3
82710,148
82712,27
82721,112
82724,11
82726,3
82755,148
82762,27
82791,3
82837,27
82841,3
82970,148
83101,3
83102,3
83112,27
83168,27
83185,27
83226,27
83262,27
83266,112
83335,112
83371,4
83385,3
83394,112
83411,3
83419,112
83427,3
83442,3
83480,27
83489,3
83604,3
83610,11
83702,3
83736,10
83737,3
83803,3
83904,3
83979,3
84061,3
84108,27
84114,27
84159,3
84170,3
84173,27
84175,27
84227,3
56866,27
56937,12
57517,3
57526,3
58597,27
63251,3
45954,906
78710,1368
72457,3
23117,
71028,148
